date,actual,prediction,model
2024-01-01,14.064728245174697,16.32306423362104,last_value
2024-02-01,14.227574446154609,16.32306423362104,last_value
2024-03-01,14.17513994323994,16.32306423362104,last_value
2024-04-01,14.274536717154932,16.32306423362104,last_value
2024-05-01,14.421309522992676,16.32306423362104,last_value
2024-01-01,12.470042159356765,16.32306423362104,last_value
2024-02-01,12.533361774764154,16.32306423362104,last_value
2024-03-01,12.56691653731709,16.32306423362104,last_value
2024-04-01,12.591303413167434,16.32306423362104,last_value
2024-05-01,12.649533999488698,16.32306423362104,last_value
2024-01-01,13.872863291811756,16.32306423362104,last_value
2024-02-01,13.9220839777564,16.32306423362104,last_value
2024-03-01,13.977021654769251,16.32306423362104,last_value
2024-04-01,13.967734010452798,16.32306423362104,last_value
2024-05-01,14.095497322336774,16.32306423362104,last_value
2024-01-01,14.709083094802265,16.32306423362104,last_value
2024-02-01,14.858697870696938,16.32306423362104,last_value
2024-03-01,14.854264485330027,16.32306423362104,last_value
2024-04-01,14.981508342538636,16.32306423362104,last_value
2024-05-01,15.056292988415526,16.32306423362104,last_value
2024-01-01,14.949822882287991,16.32306423362104,last_value
2024-02-01,15.06363845825116,16.32306423362104,last_value
2024-03-01,15.25204962013984,16.32306423362104,last_value
2024-04-01,15.195039082343007,16.32306423362104,last_value
2024-05-01,15.199463931108754,16.32306423362104,last_value
2024-01-01,13.184943544718202,16.32306423362104,last_value
2024-02-01,13.246290521532275,16.32306423362104,last_value
2024-03-01,13.298176634420345,16.32306423362104,last_value
2024-04-01,13.260174548697037,16.32306423362104,last_value
2024-05-01,13.356760489206863,16.32306423362104,last_value
2024-01-01,14.84339311052611,16.32306423362104,last_value
2024-02-01,14.94397490684048,16.32306423362104,last_value
2024-03-01,15.087649956504098,16.32306423362104,last_value
2024-04-01,15.137477708952183,16.32306423362104,last_value
2024-05-01,15.15867453311062,16.32306423362104,last_value
2024-01-01,14.899716572794638,16.32306423362104,last_value
2024-02-01,15.009624674737667,16.32306423362104,last_value
2024-03-01,15.20111805824926,16.32306423362104,last_value
2024-04-01,15.144091454173044,16.32306423362104,last_value
2024-05-01,15.137138123053054,16.32306423362104,last_value
2024-01-01,11.638765731565446,16.32306423362104,last_value
2024-02-01,12.036575305821476,16.32306423362104,last_value
2024-03-01,11.856316568080093,16.32306423362104,last_value
2024-04-01,12.060271428391403,16.32306423362104,last_value
2024-05-01,12.119034359087578,16.32306423362104,last_value
2024-01-01,10.748138341089403,16.32306423362104,last_value
2024-02-01,10.829795939729781,16.32306423362104,last_value
2024-03-01,10.52510113669937,16.32306423362104,last_value
2024-04-01,10.62271418845335,16.32306423362104,last_value
2024-05-01,10.894616704008017,16.32306423362104,last_value
2024-01-01,12.111332753081099,16.32306423362104,last_value
2024-02-01,12.001211571571435,16.32306423362104,last_value
2024-03-01,12.083899361822493,16.32306423362104,last_value
2024-04-01,12.1640254215561,16.32306423362104,last_value
2024-05-01,12.226505956256684,16.32306423362104,last_value
2024-01-01,12.154789877403012,16.32306423362104,last_value
2024-02-01,12.456888949767896,16.32306423362104,last_value
2024-03-01,12.415571124833566,16.32306423362104,last_value
2024-04-01,12.523208053497031,16.32306423362104,last_value
2024-05-01,12.56062579004373,16.32306423362104,last_value
2024-01-01,13.818802832476111,16.32306423362104,last_value
2024-02-01,14.023449096735517,16.32306423362104,last_value
2024-03-01,14.84270310410329,16.32306423362104,last_value
2024-04-01,13.550920337894812,16.32306423362104,last_value
2024-05-01,13.696433172498471,16.32306423362104,last_value
2024-01-01,12.801999974021877,16.32306423362104,last_value
2024-02-01,13.207866167048069,16.32306423362104,last_value
2024-03-01,13.954840667982825,16.32306423362104,last_value
2024-04-01,12.35392654216341,16.32306423362104,last_value
2024-05-01,12.525271190115372,16.32306423362104,last_value
2024-01-01,13.649170572816802,16.32306423362104,last_value
2024-02-01,13.62699304582129,16.32306423362104,last_value
2024-03-01,14.511630714847367,16.32306423362104,last_value
2024-04-01,13.689300300310306,16.32306423362104,last_value
2024-05-01,13.699622600512347,16.32306423362104,last_value
2024-01-01,14.175402402126696,16.32306423362104,last_value
2024-02-01,14.261582469440738,16.32306423362104,last_value
2024-03-01,15.037254957848852,16.32306423362104,last_value
2024-04-01,13.82840782944804,16.32306423362104,last_value
2024-05-01,13.931288473599324,16.32306423362104,last_value
2024-01-01,14.574756900602953,16.32306423362104,last_value
2024-02-01,14.690508476166896,16.32306423362104,last_value
2024-03-01,14.786251330455606,16.32306423362104,last_value
2024-04-01,14.818667116236085,16.32306423362104,last_value
2024-05-01,14.83464105106268,16.32306423362104,last_value
2024-01-01,12.89177467964046,16.32306423362104,last_value
2024-02-01,12.911613703703178,16.32306423362104,last_value
2024-03-01,12.929234349717616,16.32306423362104,last_value
2024-04-01,12.89583711115577,16.32306423362104,last_value
2024-05-01,13.020752932544312,16.32306423362104,last_value
2024-01-01,14.617658679784528,16.32306423362104,last_value
2024-02-01,14.655748541679317,16.32306423362104,last_value
2024-03-01,14.796916519647581,16.32306423362104,last_value
2024-04-01,14.86381478604083,16.32306423362104,last_value
2024-05-01,14.90425710653465,16.32306423362104,last_value
2024-01-01,14.670119909849712,16.32306423362104,last_value
2024-02-01,14.796811874536463,16.32306423362104,last_value
2024-03-01,14.898135561652321,16.32306423362104,last_value
2024-04-01,14.931754753605956,16.32306423362104,last_value
2024-05-01,14.953401731170601,16.32306423362104,last_value
2024-01-01,13.077714695446145,16.32306423362104,last_value
2024-02-01,13.167910574550175,16.32306423362104,last_value
2024-03-01,13.318850296704056,16.32306423362104,last_value
2024-04-01,13.349777795569185,16.32306423362104,last_value
2024-05-01,13.333077036692808,16.32306423362104,last_value
2024-01-01,11.402217342985807,16.32306423362104,last_value
2024-02-01,11.470994522461046,16.32306423362104,last_value
2024-03-01,11.634966090879253,16.32306423362104,last_value
2024-04-01,11.562973884822908,16.32306423362104,last_value
2024-05-01,11.619138716945073,16.32306423362104,last_value
2024-01-01,13.078420267266091,16.32306423362104,last_value
2024-02-01,13.13476160081143,16.32306423362104,last_value
2024-03-01,13.291640051822434,16.32306423362104,last_value
2024-04-01,13.409535219710845,16.32306423362104,last_value
2024-05-01,13.400698502930242,16.32306423362104,last_value
2024-01-01,13.090413987984894,16.32306423362104,last_value
2024-02-01,13.175571956462655,16.32306423362104,last_value
2024-03-01,13.320337130293114,16.32306423362104,last_value
2024-04-01,13.3412559862518,16.32306423362104,last_value
2024-05-01,13.325351730476527,16.32306423362104,last_value
2024-01-01,12.053617028272296,16.32306423362104,last_value
2024-02-01,12.096517790360076,16.32306423362104,last_value
2024-03-01,12.176163802031336,16.32306423362104,last_value
2024-04-01,12.149008521362461,16.32306423362104,last_value
2024-05-01,12.185279968296255,16.32306423362104,last_value
2024-01-01,10.567942005703411,16.32306423362104,last_value
2024-02-01,10.497101649370864,16.32306423362104,last_value
2024-03-01,10.488448005238052,16.32306423362104,last_value
2024-04-01,10.629254380149666,16.32306423362104,last_value
2024-05-01,10.676346616822633,16.32306423362104,last_value
2024-01-01,12.01352255518827,16.32306423362104,last_value
2024-02-01,11.9098246568143,16.32306423362104,last_value
2024-03-01,11.96887707543009,16.32306423362104,last_value
2024-04-01,12.008975058904802,16.32306423362104,last_value
2024-05-01,12.063813562893895,16.32306423362104,last_value
2024-01-01,12.115350026757849,16.32306423362104,last_value
2024-02-01,12.111557549562908,16.32306423362104,last_value
2024-03-01,12.187976391550615,16.32306423362104,last_value
2024-04-01,12.152652881281025,16.32306423362104,last_value
2024-05-01,12.189702380931854,16.32306423362104,last_value
2024-01-01,11.407291578616706,16.32306423362104,last_value
2024-02-01,11.509367141640142,16.32306423362104,last_value
2024-03-01,11.640903466020758,16.32306423362104,last_value
2024-04-01,11.653160338973853,16.32306423362104,last_value
2024-05-01,11.630756499474648,16.32306423362104,last_value
2024-01-01,9.628800675579159,16.32306423362104,last_value
2024-02-01,9.485985287667456,16.32306423362104,last_value
2024-03-01,9.371651071858434,16.32306423362104,last_value
2024-04-01,9.262648151599528,16.32306423362104,last_value
2024-05-01,9.253878673990666,16.32306423362104,last_value
2024-01-01,11.700366395381009,16.32306423362104,last_value
2024-02-01,11.527222769671052,16.32306423362104,last_value
2024-03-01,11.604231274337856,16.32306423362104,last_value
2024-04-01,11.531846331080231,16.32306423362104,last_value
2024-05-01,11.577997593713935,16.32306423362104,last_value
2024-01-01,11.52106127929641,16.32306423362104,last_value
2024-02-01,11.60521198721677,16.32306423362104,last_value
2024-03-01,11.736676032013108,16.32306423362104,last_value
2024-04-01,11.708340098782125,16.32306423362104,last_value
2024-05-01,11.674881886289938,16.32306423362104,last_value
2024-01-01,11.194701707405748,16.32306423362104,last_value
2024-02-01,11.1497436831168,16.32306423362104,last_value
2024-03-01,11.3359388520227,16.32306423362104,last_value
2024-04-01,11.441961008328802,16.32306423362104,last_value
2024-05-01,11.526769196790879,16.32306423362104,last_value
2024-01-01,9.849305880272142,16.32306423362104,last_value
2024-02-01,9.797382315197492,16.32306423362104,last_value
2024-03-01,9.785458236555234,16.32306423362104,last_value
2024-04-01,9.800873262546327,16.32306423362104,last_value
2024-05-01,9.960642633037187,16.32306423362104,last_value
2024-01-01,11.171018084679075,16.32306423362104,last_value
2024-02-01,11.12561751346652,16.32306423362104,last_value
2024-03-01,11.306970834076699,16.32306423362104,last_value
2024-04-01,11.462666372453622,16.32306423362104,last_value
2024-05-01,11.444717285531928,16.32306423362104,last_value
2024-01-01,11.353819528110781,16.32306423362104,last_value
2024-02-01,11.316247344119649,16.32306423362104,last_value
2024-03-01,11.496513522798756,16.32306423362104,last_value
2024-04-01,11.5700030977697,16.32306423362104,last_value
2024-05-01,11.675445594467284,16.32306423362104,last_value
2024-01-01,15.59709182121093,16.32306423362104,last_value
2024-02-01,15.775782439005003,16.32306423362104,last_value
2024-03-01,15.839238259551962,16.32306423362104,last_value
2024-04-01,15.677306298592663,16.32306423362104,last_value
2024-05-01,15.640857757408984,16.32306423362104,last_value
2024-01-01,13.69618565924773,16.32306423362104,last_value
2024-02-01,13.804419377589696,16.32306423362104,last_value
2024-03-01,13.762521510810895,16.32306423362104,last_value
2024-04-01,13.548447772715228,16.32306423362104,last_value
2024-05-01,13.599575711391461,16.32306423362104,last_value
2024-01-01,15.048363720848643,16.32306423362104,last_value
2024-02-01,15.181300329470076,16.32306423362104,last_value
2024-03-01,15.32346609170347,16.32306423362104,last_value
2024-04-01,15.1922294199728,16.32306423362104,last_value
2024-05-01,15.174843401975526,16.32306423362104,last_value
2024-01-01,15.561479983158565,16.32306423362104,last_value
2024-02-01,15.71207761501373,16.32306423362104,last_value
2024-03-01,15.782061638302958,16.32306423362104,last_value
2024-04-01,15.61557403660504,16.32306423362104,last_value
2024-05-01,15.584635794683395,16.32306423362104,last_value
2024-01-01,15.87661047830877,16.32306423362104,last_value
2024-02-01,15.968603967798215,16.32306423362104,last_value
2024-03-01,15.994583271411031,16.32306423362104,last_value
2024-04-01,16.09025054949245,16.32306423362104,last_value
2024-05-01,16.13286602986177,16.32306423362104,last_value
2024-01-01,13.836183492707546,16.32306423362104,last_value
2024-02-01,13.913712915025377,16.32306423362104,last_value
2024-03-01,13.900970840962673,16.32306423362104,last_value
2024-04-01,13.928466227280891,16.32306423362104,last_value
2024-05-01,13.973271114339928,16.32306423362104,last_value
2024-01-01,14.81407939253837,16.32306423362104,last_value
2024-02-01,14.773196560004797,16.32306423362104,last_value
2024-03-01,14.800393446383204,16.32306423362104,last_value
2024-04-01,14.854932841095069,16.32306423362104,last_value
2024-05-01,14.909618048581969,16.32306423362104,last_value
2024-01-01,15.780896320068122,16.32306423362104,last_value
2024-02-01,15.867203711987663,16.32306423362104,last_value
2024-03-01,15.891238274424463,16.32306423362104,last_value
2024-04-01,15.979985333898856,16.32306423362104,last_value
2024-05-01,16.035193166351306,16.32306423362104,last_value
2024-01-01,14.064728245174697,16.211293734363508,ma_3
2024-02-01,14.227574446154609,16.211293734363508,ma_3
2024-03-01,14.17513994323994,16.211293734363508,ma_3
2024-04-01,14.274536717154932,16.211293734363508,ma_3
2024-05-01,14.421309522992676,16.211293734363508,ma_3
2024-01-01,12.470042159356765,16.211293734363508,ma_3
2024-02-01,12.533361774764154,16.211293734363508,ma_3
2024-03-01,12.56691653731709,16.211293734363508,ma_3
2024-04-01,12.591303413167434,16.211293734363508,ma_3
2024-05-01,12.649533999488698,16.211293734363508,ma_3
2024-01-01,13.872863291811756,16.211293734363508,ma_3
2024-02-01,13.9220839777564,16.211293734363508,ma_3
2024-03-01,13.977021654769251,16.211293734363508,ma_3
2024-04-01,13.967734010452798,16.211293734363508,ma_3
2024-05-01,14.095497322336774,16.211293734363508,ma_3
2024-01-01,14.709083094802265,16.211293734363508,ma_3
2024-02-01,14.858697870696938,16.211293734363508,ma_3
2024-03-01,14.854264485330027,16.211293734363508,ma_3
2024-04-01,14.981508342538636,16.211293734363508,ma_3
2024-05-01,15.056292988415526,16.211293734363508,ma_3
2024-01-01,14.949822882287991,16.211293734363508,ma_3
2024-02-01,15.06363845825116,16.211293734363508,ma_3
2024-03-01,15.25204962013984,16.211293734363508,ma_3
2024-04-01,15.195039082343007,16.211293734363508,ma_3
2024-05-01,15.199463931108754,16.211293734363508,ma_3
2024-01-01,13.184943544718202,16.211293734363508,ma_3
2024-02-01,13.246290521532275,16.211293734363508,ma_3
2024-03-01,13.298176634420345,16.211293734363508,ma_3
2024-04-01,13.260174548697037,16.211293734363508,ma_3
2024-05-01,13.356760489206863,16.211293734363508,ma_3
2024-01-01,14.84339311052611,16.211293734363508,ma_3
2024-02-01,14.94397490684048,16.211293734363508,ma_3
2024-03-01,15.087649956504098,16.211293734363508,ma_3
2024-04-01,15.137477708952183,16.211293734363508,ma_3
2024-05-01,15.15867453311062,16.211293734363508,ma_3
2024-01-01,14.899716572794638,16.211293734363508,ma_3
2024-02-01,15.009624674737667,16.211293734363508,ma_3
2024-03-01,15.20111805824926,16.211293734363508,ma_3
2024-04-01,15.144091454173044,16.211293734363508,ma_3
2024-05-01,15.137138123053054,16.211293734363508,ma_3
2024-01-01,11.638765731565446,16.211293734363508,ma_3
2024-02-01,12.036575305821476,16.211293734363508,ma_3
2024-03-01,11.856316568080093,16.211293734363508,ma_3
2024-04-01,12.060271428391403,16.211293734363508,ma_3
2024-05-01,12.119034359087578,16.211293734363508,ma_3
2024-01-01,10.748138341089403,16.211293734363508,ma_3
2024-02-01,10.829795939729781,16.211293734363508,ma_3
2024-03-01,10.52510113669937,16.211293734363508,ma_3
2024-04-01,10.62271418845335,16.211293734363508,ma_3
2024-05-01,10.894616704008017,16.211293734363508,ma_3
2024-01-01,12.111332753081099,16.211293734363508,ma_3
2024-02-01,12.001211571571435,16.211293734363508,ma_3
2024-03-01,12.083899361822493,16.211293734363508,ma_3
2024-04-01,12.1640254215561,16.211293734363508,ma_3
2024-05-01,12.226505956256684,16.211293734363508,ma_3
2024-01-01,12.154789877403012,16.211293734363508,ma_3
2024-02-01,12.456888949767896,16.211293734363508,ma_3
2024-03-01,12.415571124833566,16.211293734363508,ma_3
2024-04-01,12.523208053497031,16.211293734363508,ma_3
2024-05-01,12.56062579004373,16.211293734363508,ma_3
2024-01-01,13.818802832476111,16.211293734363508,ma_3
2024-02-01,14.023449096735517,16.211293734363508,ma_3
2024-03-01,14.84270310410329,16.211293734363508,ma_3
2024-04-01,13.550920337894812,16.211293734363508,ma_3
2024-05-01,13.696433172498471,16.211293734363508,ma_3
2024-01-01,12.801999974021877,16.211293734363508,ma_3
2024-02-01,13.207866167048069,16.211293734363508,ma_3
2024-03-01,13.954840667982825,16.211293734363508,ma_3
2024-04-01,12.35392654216341,16.211293734363508,ma_3
2024-05-01,12.525271190115372,16.211293734363508,ma_3
2024-01-01,13.649170572816802,16.211293734363508,ma_3
2024-02-01,13.62699304582129,16.211293734363508,ma_3
2024-03-01,14.511630714847367,16.211293734363508,ma_3
2024-04-01,13.689300300310306,16.211293734363508,ma_3
2024-05-01,13.699622600512347,16.211293734363508,ma_3
2024-01-01,14.175402402126696,16.211293734363508,ma_3
2024-02-01,14.261582469440738,16.211293734363508,ma_3
2024-03-01,15.037254957848852,16.211293734363508,ma_3
2024-04-01,13.82840782944804,16.211293734363508,ma_3
2024-05-01,13.931288473599324,16.211293734363508,ma_3
2024-01-01,14.574756900602953,16.211293734363508,ma_3
2024-02-01,14.690508476166896,16.211293734363508,ma_3
2024-03-01,14.786251330455606,16.211293734363508,ma_3
2024-04-01,14.818667116236085,16.211293734363508,ma_3
2024-05-01,14.83464105106268,16.211293734363508,ma_3
2024-01-01,12.89177467964046,16.211293734363508,ma_3
2024-02-01,12.911613703703178,16.211293734363508,ma_3
2024-03-01,12.929234349717616,16.211293734363508,ma_3
2024-04-01,12.89583711115577,16.211293734363508,ma_3
2024-05-01,13.020752932544312,16.211293734363508,ma_3
2024-01-01,14.617658679784528,16.211293734363508,ma_3
2024-02-01,14.655748541679317,16.211293734363508,ma_3
2024-03-01,14.796916519647581,16.211293734363508,ma_3
2024-04-01,14.86381478604083,16.211293734363508,ma_3
2024-05-01,14.90425710653465,16.211293734363508,ma_3
2024-01-01,14.670119909849712,16.211293734363508,ma_3
2024-02-01,14.796811874536463,16.211293734363508,ma_3
2024-03-01,14.898135561652321,16.211293734363508,ma_3
2024-04-01,14.931754753605956,16.211293734363508,ma_3
2024-05-01,14.953401731170601,16.211293734363508,ma_3
2024-01-01,13.077714695446145,16.211293734363508,ma_3
2024-02-01,13.167910574550175,16.211293734363508,ma_3
2024-03-01,13.318850296704056,16.211293734363508,ma_3
2024-04-01,13.349777795569185,16.211293734363508,ma_3
2024-05-01,13.333077036692808,16.211293734363508,ma_3
2024-01-01,11.402217342985807,16.211293734363508,ma_3
2024-02-01,11.470994522461046,16.211293734363508,ma_3
2024-03-01,11.634966090879253,16.211293734363508,ma_3
2024-04-01,11.562973884822908,16.211293734363508,ma_3
2024-05-01,11.619138716945073,16.211293734363508,ma_3
2024-01-01,13.078420267266091,16.211293734363508,ma_3
2024-02-01,13.13476160081143,16.211293734363508,ma_3
2024-03-01,13.291640051822434,16.211293734363508,ma_3
2024-04-01,13.409535219710845,16.211293734363508,ma_3
2024-05-01,13.400698502930242,16.211293734363508,ma_3
2024-01-01,13.090413987984894,16.211293734363508,ma_3
2024-02-01,13.175571956462655,16.211293734363508,ma_3
2024-03-01,13.320337130293114,16.211293734363508,ma_3
2024-04-01,13.3412559862518,16.211293734363508,ma_3
2024-05-01,13.325351730476527,16.211293734363508,ma_3
2024-01-01,12.053617028272296,16.211293734363508,ma_3
2024-02-01,12.096517790360076,16.211293734363508,ma_3
2024-03-01,12.176163802031336,16.211293734363508,ma_3
2024-04-01,12.149008521362461,16.211293734363508,ma_3
2024-05-01,12.185279968296255,16.211293734363508,ma_3
2024-01-01,10.567942005703411,16.211293734363508,ma_3
2024-02-01,10.497101649370864,16.211293734363508,ma_3
2024-03-01,10.488448005238052,16.211293734363508,ma_3
2024-04-01,10.629254380149666,16.211293734363508,ma_3
2024-05-01,10.676346616822633,16.211293734363508,ma_3
2024-01-01,12.01352255518827,16.211293734363508,ma_3
2024-02-01,11.9098246568143,16.211293734363508,ma_3
2024-03-01,11.96887707543009,16.211293734363508,ma_3
2024-04-01,12.008975058904802,16.211293734363508,ma_3
2024-05-01,12.063813562893895,16.211293734363508,ma_3
2024-01-01,12.115350026757849,16.211293734363508,ma_3
2024-02-01,12.111557549562908,16.211293734363508,ma_3
2024-03-01,12.187976391550615,16.211293734363508,ma_3
2024-04-01,12.152652881281025,16.211293734363508,ma_3
2024-05-01,12.189702380931854,16.211293734363508,ma_3
2024-01-01,11.407291578616706,16.211293734363508,ma_3
2024-02-01,11.509367141640142,16.211293734363508,ma_3
2024-03-01,11.640903466020758,16.211293734363508,ma_3
2024-04-01,11.653160338973853,16.211293734363508,ma_3
2024-05-01,11.630756499474648,16.211293734363508,ma_3
2024-01-01,9.628800675579159,16.211293734363508,ma_3
2024-02-01,9.485985287667456,16.211293734363508,ma_3
2024-03-01,9.371651071858434,16.211293734363508,ma_3
2024-04-01,9.262648151599528,16.211293734363508,ma_3
2024-05-01,9.253878673990666,16.211293734363508,ma_3
2024-01-01,11.700366395381009,16.211293734363508,ma_3
2024-02-01,11.527222769671052,16.211293734363508,ma_3
2024-03-01,11.604231274337856,16.211293734363508,ma_3
2024-04-01,11.531846331080231,16.211293734363508,ma_3
2024-05-01,11.577997593713935,16.211293734363508,ma_3
2024-01-01,11.52106127929641,16.211293734363508,ma_3
2024-02-01,11.60521198721677,16.211293734363508,ma_3
2024-03-01,11.736676032013108,16.211293734363508,ma_3
2024-04-01,11.708340098782125,16.211293734363508,ma_3
2024-05-01,11.674881886289938,16.211293734363508,ma_3
2024-01-01,11.194701707405748,16.211293734363508,ma_3
2024-02-01,11.1497436831168,16.211293734363508,ma_3
2024-03-01,11.3359388520227,16.211293734363508,ma_3
2024-04-01,11.441961008328802,16.211293734363508,ma_3
2024-05-01,11.526769196790879,16.211293734363508,ma_3
2024-01-01,9.849305880272142,16.211293734363508,ma_3
2024-02-01,9.797382315197492,16.211293734363508,ma_3
2024-03-01,9.785458236555234,16.211293734363508,ma_3
2024-04-01,9.800873262546327,16.211293734363508,ma_3
2024-05-01,9.960642633037187,16.211293734363508,ma_3
2024-01-01,11.171018084679075,16.211293734363508,ma_3
2024-02-01,11.12561751346652,16.211293734363508,ma_3
2024-03-01,11.306970834076699,16.211293734363508,ma_3
2024-04-01,11.462666372453622,16.211293734363508,ma_3
2024-05-01,11.444717285531928,16.211293734363508,ma_3
2024-01-01,11.353819528110781,16.211293734363508,ma_3
2024-02-01,11.316247344119649,16.211293734363508,ma_3
2024-03-01,11.496513522798756,16.211293734363508,ma_3
2024-04-01,11.5700030977697,16.211293734363508,ma_3
2024-05-01,11.675445594467284,16.211293734363508,ma_3
2024-01-01,15.59709182121093,16.211293734363508,ma_3
2024-02-01,15.775782439005003,16.211293734363508,ma_3
2024-03-01,15.839238259551962,16.211293734363508,ma_3
2024-04-01,15.677306298592663,16.211293734363508,ma_3
2024-05-01,15.640857757408984,16.211293734363508,ma_3
2024-01-01,13.69618565924773,16.211293734363508,ma_3
2024-02-01,13.804419377589696,16.211293734363508,ma_3
2024-03-01,13.762521510810895,16.211293734363508,ma_3
2024-04-01,13.548447772715228,16.211293734363508,ma_3
2024-05-01,13.599575711391461,16.211293734363508,ma_3
2024-01-01,15.048363720848643,16.211293734363508,ma_3
2024-02-01,15.181300329470076,16.211293734363508,ma_3
2024-03-01,15.32346609170347,16.211293734363508,ma_3
2024-04-01,15.1922294199728,16.211293734363508,ma_3
2024-05-01,15.174843401975526,16.211293734363508,ma_3
2024-01-01,15.561479983158565,16.211293734363508,ma_3
2024-02-01,15.71207761501373,16.211293734363508,ma_3
2024-03-01,15.782061638302958,16.211293734363508,ma_3
2024-04-01,15.61557403660504,16.211293734363508,ma_3
2024-05-01,15.584635794683395,16.211293734363508,ma_3
2024-01-01,15.87661047830877,16.211293734363508,ma_3
2024-02-01,15.968603967798215,16.211293734363508,ma_3
2024-03-01,15.994583271411031,16.211293734363508,ma_3
2024-04-01,16.09025054949245,16.211293734363508,ma_3
2024-05-01,16.13286602986177,16.211293734363508,ma_3
2024-01-01,13.836183492707546,16.211293734363508,ma_3
2024-02-01,13.913712915025377,16.211293734363508,ma_3
2024-03-01,13.900970840962673,16.211293734363508,ma_3
2024-04-01,13.928466227280891,16.211293734363508,ma_3
2024-05-01,13.973271114339928,16.211293734363508,ma_3
2024-01-01,14.81407939253837,16.211293734363508,ma_3
2024-02-01,14.773196560004797,16.211293734363508,ma_3
2024-03-01,14.800393446383204,16.211293734363508,ma_3
2024-04-01,14.854932841095069,16.211293734363508,ma_3
2024-05-01,14.909618048581969,16.211293734363508,ma_3
2024-01-01,15.780896320068122,16.211293734363508,ma_3
2024-02-01,15.867203711987663,16.211293734363508,ma_3
2024-03-01,15.891238274424463,16.211293734363508,ma_3
2024-04-01,15.979985333898856,16.211293734363508,ma_3
2024-05-01,16.035193166351306,16.211293734363508,ma_3
2024-01-01,14.064728245174697,16.10955993794214,ma_6
2024-02-01,14.227574446154609,16.10955993794214,ma_6
2024-03-01,14.17513994323994,16.10955993794214,ma_6
2024-04-01,14.274536717154932,16.10955993794214,ma_6
2024-05-01,14.421309522992676,16.10955993794214,ma_6
2024-01-01,12.470042159356765,16.10955993794214,ma_6
2024-02-01,12.533361774764154,16.10955993794214,ma_6
2024-03-01,12.56691653731709,16.10955993794214,ma_6
2024-04-01,12.591303413167434,16.10955993794214,ma_6
2024-05-01,12.649533999488698,16.10955993794214,ma_6
2024-01-01,13.872863291811756,16.10955993794214,ma_6
2024-02-01,13.9220839777564,16.10955993794214,ma_6
2024-03-01,13.977021654769251,16.10955993794214,ma_6
2024-04-01,13.967734010452798,16.10955993794214,ma_6
2024-05-01,14.095497322336774,16.10955993794214,ma_6
2024-01-01,14.709083094802265,16.10955993794214,ma_6
2024-02-01,14.858697870696938,16.10955993794214,ma_6
2024-03-01,14.854264485330027,16.10955993794214,ma_6
2024-04-01,14.981508342538636,16.10955993794214,ma_6
2024-05-01,15.056292988415526,16.10955993794214,ma_6
2024-01-01,14.949822882287991,16.10955993794214,ma_6
2024-02-01,15.06363845825116,16.10955993794214,ma_6
2024-03-01,15.25204962013984,16.10955993794214,ma_6
2024-04-01,15.195039082343007,16.10955993794214,ma_6
2024-05-01,15.199463931108754,16.10955993794214,ma_6
2024-01-01,13.184943544718202,16.10955993794214,ma_6
2024-02-01,13.246290521532275,16.10955993794214,ma_6
2024-03-01,13.298176634420345,16.10955993794214,ma_6
2024-04-01,13.260174548697037,16.10955993794214,ma_6
2024-05-01,13.356760489206863,16.10955993794214,ma_6
2024-01-01,14.84339311052611,16.10955993794214,ma_6
2024-02-01,14.94397490684048,16.10955993794214,ma_6
2024-03-01,15.087649956504098,16.10955993794214,ma_6
2024-04-01,15.137477708952183,16.10955993794214,ma_6
2024-05-01,15.15867453311062,16.10955993794214,ma_6
2024-01-01,14.899716572794638,16.10955993794214,ma_6
2024-02-01,15.009624674737667,16.10955993794214,ma_6
2024-03-01,15.20111805824926,16.10955993794214,ma_6
2024-04-01,15.144091454173044,16.10955993794214,ma_6
2024-05-01,15.137138123053054,16.10955993794214,ma_6
2024-01-01,11.638765731565446,16.10955993794214,ma_6
2024-02-01,12.036575305821476,16.10955993794214,ma_6
2024-03-01,11.856316568080093,16.10955993794214,ma_6
2024-04-01,12.060271428391403,16.10955993794214,ma_6
2024-05-01,12.119034359087578,16.10955993794214,ma_6
2024-01-01,10.748138341089403,16.10955993794214,ma_6
2024-02-01,10.829795939729781,16.10955993794214,ma_6
2024-03-01,10.52510113669937,16.10955993794214,ma_6
2024-04-01,10.62271418845335,16.10955993794214,ma_6
2024-05-01,10.894616704008017,16.10955993794214,ma_6
2024-01-01,12.111332753081099,16.10955993794214,ma_6
2024-02-01,12.001211571571435,16.10955993794214,ma_6
2024-03-01,12.083899361822493,16.10955993794214,ma_6
2024-04-01,12.1640254215561,16.10955993794214,ma_6
2024-05-01,12.226505956256684,16.10955993794214,ma_6
2024-01-01,12.154789877403012,16.10955993794214,ma_6
2024-02-01,12.456888949767896,16.10955993794214,ma_6
2024-03-01,12.415571124833566,16.10955993794214,ma_6
2024-04-01,12.523208053497031,16.10955993794214,ma_6
2024-05-01,12.56062579004373,16.10955993794214,ma_6
2024-01-01,13.818802832476111,16.10955993794214,ma_6
2024-02-01,14.023449096735517,16.10955993794214,ma_6
2024-03-01,14.84270310410329,16.10955993794214,ma_6
2024-04-01,13.550920337894812,16.10955993794214,ma_6
2024-05-01,13.696433172498471,16.10955993794214,ma_6
2024-01-01,12.801999974021877,16.10955993794214,ma_6
2024-02-01,13.207866167048069,16.10955993794214,ma_6
2024-03-01,13.954840667982825,16.10955993794214,ma_6
2024-04-01,12.35392654216341,16.10955993794214,ma_6
2024-05-01,12.525271190115372,16.10955993794214,ma_6
2024-01-01,13.649170572816802,16.10955993794214,ma_6
2024-02-01,13.62699304582129,16.10955993794214,ma_6
2024-03-01,14.511630714847367,16.10955993794214,ma_6
2024-04-01,13.689300300310306,16.10955993794214,ma_6
2024-05-01,13.699622600512347,16.10955993794214,ma_6
2024-01-01,14.175402402126696,16.10955993794214,ma_6
2024-02-01,14.261582469440738,16.10955993794214,ma_6
2024-03-01,15.037254957848852,16.10955993794214,ma_6
2024-04-01,13.82840782944804,16.10955993794214,ma_6
2024-05-01,13.931288473599324,16.10955993794214,ma_6
2024-01-01,14.574756900602953,16.10955993794214,ma_6
2024-02-01,14.690508476166896,16.10955993794214,ma_6
2024-03-01,14.786251330455606,16.10955993794214,ma_6
2024-04-01,14.818667116236085,16.10955993794214,ma_6
2024-05-01,14.83464105106268,16.10955993794214,ma_6
2024-01-01,12.89177467964046,16.10955993794214,ma_6
2024-02-01,12.911613703703178,16.10955993794214,ma_6
2024-03-01,12.929234349717616,16.10955993794214,ma_6
2024-04-01,12.89583711115577,16.10955993794214,ma_6
2024-05-01,13.020752932544312,16.10955993794214,ma_6
2024-01-01,14.617658679784528,16.10955993794214,ma_6
2024-02-01,14.655748541679317,16.10955993794214,ma_6
2024-03-01,14.796916519647581,16.10955993794214,ma_6
2024-04-01,14.86381478604083,16.10955993794214,ma_6
2024-05-01,14.90425710653465,16.10955993794214,ma_6
2024-01-01,14.670119909849712,16.10955993794214,ma_6
2024-02-01,14.796811874536463,16.10955993794214,ma_6
2024-03-01,14.898135561652321,16.10955993794214,ma_6
2024-04-01,14.931754753605956,16.10955993794214,ma_6
2024-05-01,14.953401731170601,16.10955993794214,ma_6
2024-01-01,13.077714695446145,16.10955993794214,ma_6
2024-02-01,13.167910574550175,16.10955993794214,ma_6
2024-03-01,13.318850296704056,16.10955993794214,ma_6
2024-04-01,13.349777795569185,16.10955993794214,ma_6
2024-05-01,13.333077036692808,16.10955993794214,ma_6
2024-01-01,11.402217342985807,16.10955993794214,ma_6
2024-02-01,11.470994522461046,16.10955993794214,ma_6
2024-03-01,11.634966090879253,16.10955993794214,ma_6
2024-04-01,11.562973884822908,16.10955993794214,ma_6
2024-05-01,11.619138716945073,16.10955993794214,ma_6
2024-01-01,13.078420267266091,16.10955993794214,ma_6
2024-02-01,13.13476160081143,16.10955993794214,ma_6
2024-03-01,13.291640051822434,16.10955993794214,ma_6
2024-04-01,13.409535219710845,16.10955993794214,ma_6
2024-05-01,13.400698502930242,16.10955993794214,ma_6
2024-01-01,13.090413987984894,16.10955993794214,ma_6
2024-02-01,13.175571956462655,16.10955993794214,ma_6
2024-03-01,13.320337130293114,16.10955993794214,ma_6
2024-04-01,13.3412559862518,16.10955993794214,ma_6
2024-05-01,13.325351730476527,16.10955993794214,ma_6
2024-01-01,12.053617028272296,16.10955993794214,ma_6
2024-02-01,12.096517790360076,16.10955993794214,ma_6
2024-03-01,12.176163802031336,16.10955993794214,ma_6
2024-04-01,12.149008521362461,16.10955993794214,ma_6
2024-05-01,12.185279968296255,16.10955993794214,ma_6
2024-01-01,10.567942005703411,16.10955993794214,ma_6
2024-02-01,10.497101649370864,16.10955993794214,ma_6
2024-03-01,10.488448005238052,16.10955993794214,ma_6
2024-04-01,10.629254380149666,16.10955993794214,ma_6
2024-05-01,10.676346616822633,16.10955993794214,ma_6
2024-01-01,12.01352255518827,16.10955993794214,ma_6
2024-02-01,11.9098246568143,16.10955993794214,ma_6
2024-03-01,11.96887707543009,16.10955993794214,ma_6
2024-04-01,12.008975058904802,16.10955993794214,ma_6
2024-05-01,12.063813562893895,16.10955993794214,ma_6
2024-01-01,12.115350026757849,16.10955993794214,ma_6
2024-02-01,12.111557549562908,16.10955993794214,ma_6
2024-03-01,12.187976391550615,16.10955993794214,ma_6
2024-04-01,12.152652881281025,16.10955993794214,ma_6
2024-05-01,12.189702380931854,16.10955993794214,ma_6
2024-01-01,11.407291578616706,16.10955993794214,ma_6
2024-02-01,11.509367141640142,16.10955993794214,ma_6
2024-03-01,11.640903466020758,16.10955993794214,ma_6
2024-04-01,11.653160338973853,16.10955993794214,ma_6
2024-05-01,11.630756499474648,16.10955993794214,ma_6
2024-01-01,9.628800675579159,16.10955993794214,ma_6
2024-02-01,9.485985287667456,16.10955993794214,ma_6
2024-03-01,9.371651071858434,16.10955993794214,ma_6
2024-04-01,9.262648151599528,16.10955993794214,ma_6
2024-05-01,9.253878673990666,16.10955993794214,ma_6
2024-01-01,11.700366395381009,16.10955993794214,ma_6
2024-02-01,11.527222769671052,16.10955993794214,ma_6
2024-03-01,11.604231274337856,16.10955993794214,ma_6
2024-04-01,11.531846331080231,16.10955993794214,ma_6
2024-05-01,11.577997593713935,16.10955993794214,ma_6
2024-01-01,11.52106127929641,16.10955993794214,ma_6
2024-02-01,11.60521198721677,16.10955993794214,ma_6
2024-03-01,11.736676032013108,16.10955993794214,ma_6
2024-04-01,11.708340098782125,16.10955993794214,ma_6
2024-05-01,11.674881886289938,16.10955993794214,ma_6
2024-01-01,11.194701707405748,16.10955993794214,ma_6
2024-02-01,11.1497436831168,16.10955993794214,ma_6
2024-03-01,11.3359388520227,16.10955993794214,ma_6
2024-04-01,11.441961008328802,16.10955993794214,ma_6
2024-05-01,11.526769196790879,16.10955993794214,ma_6
2024-01-01,9.849305880272142,16.10955993794214,ma_6
2024-02-01,9.797382315197492,16.10955993794214,ma_6
2024-03-01,9.785458236555234,16.10955993794214,ma_6
2024-04-01,9.800873262546327,16.10955993794214,ma_6
2024-05-01,9.960642633037187,16.10955993794214,ma_6
2024-01-01,11.171018084679075,16.10955993794214,ma_6
2024-02-01,11.12561751346652,16.10955993794214,ma_6
2024-03-01,11.306970834076699,16.10955993794214,ma_6
2024-04-01,11.462666372453622,16.10955993794214,ma_6
2024-05-01,11.444717285531928,16.10955993794214,ma_6
2024-01-01,11.353819528110781,16.10955993794214,ma_6
2024-02-01,11.316247344119649,16.10955993794214,ma_6
2024-03-01,11.496513522798756,16.10955993794214,ma_6
2024-04-01,11.5700030977697,16.10955993794214,ma_6
2024-05-01,11.675445594467284,16.10955993794214,ma_6
2024-01-01,15.59709182121093,16.10955993794214,ma_6
2024-02-01,15.775782439005003,16.10955993794214,ma_6
2024-03-01,15.839238259551962,16.10955993794214,ma_6
2024-04-01,15.677306298592663,16.10955993794214,ma_6
2024-05-01,15.640857757408984,16.10955993794214,ma_6
2024-01-01,13.69618565924773,16.10955993794214,ma_6
2024-02-01,13.804419377589696,16.10955993794214,ma_6
2024-03-01,13.762521510810895,16.10955993794214,ma_6
2024-04-01,13.548447772715228,16.10955993794214,ma_6
2024-05-01,13.599575711391461,16.10955993794214,ma_6
2024-01-01,15.048363720848643,16.10955993794214,ma_6
2024-02-01,15.181300329470076,16.10955993794214,ma_6
2024-03-01,15.32346609170347,16.10955993794214,ma_6
2024-04-01,15.1922294199728,16.10955993794214,ma_6
2024-05-01,15.174843401975526,16.10955993794214,ma_6
2024-01-01,15.561479983158565,16.10955993794214,ma_6
2024-02-01,15.71207761501373,16.10955993794214,ma_6
2024-03-01,15.782061638302958,16.10955993794214,ma_6
2024-04-01,15.61557403660504,16.10955993794214,ma_6
2024-05-01,15.584635794683395,16.10955993794214,ma_6
2024-01-01,15.87661047830877,16.10955993794214,ma_6
2024-02-01,15.968603967798215,16.10955993794214,ma_6
2024-03-01,15.994583271411031,16.10955993794214,ma_6
2024-04-01,16.09025054949245,16.10955993794214,ma_6
2024-05-01,16.13286602986177,16.10955993794214,ma_6
2024-01-01,13.836183492707546,16.10955993794214,ma_6
2024-02-01,13.913712915025377,16.10955993794214,ma_6
2024-03-01,13.900970840962673,16.10955993794214,ma_6
2024-04-01,13.928466227280891,16.10955993794214,ma_6
2024-05-01,13.973271114339928,16.10955993794214,ma_6
2024-01-01,14.81407939253837,16.10955993794214,ma_6
2024-02-01,14.773196560004797,16.10955993794214,ma_6
2024-03-01,14.800393446383204,16.10955993794214,ma_6
2024-04-01,14.854932841095069,16.10955993794214,ma_6
2024-05-01,14.909618048581969,16.10955993794214,ma_6
2024-01-01,15.780896320068122,16.10955993794214,ma_6
2024-02-01,15.867203711987663,16.10955993794214,ma_6
2024-03-01,15.891238274424463,16.10955993794214,ma_6
2024-04-01,15.979985333898856,16.10955993794214,ma_6
2024-05-01,16.035193166351306,16.10955993794214,ma_6
2024-01-01,14.064728245174697,16.059277994840386,ma_12
2024-02-01,14.227574446154609,16.059277994840386,ma_12
2024-03-01,14.17513994323994,16.059277994840386,ma_12
2024-04-01,14.274536717154932,16.059277994840386,ma_12
2024-05-01,14.421309522992676,16.059277994840386,ma_12
2024-01-01,12.470042159356765,16.059277994840386,ma_12
2024-02-01,12.533361774764154,16.059277994840386,ma_12
2024-03-01,12.56691653731709,16.059277994840386,ma_12
2024-04-01,12.591303413167434,16.059277994840386,ma_12
2024-05-01,12.649533999488698,16.059277994840386,ma_12
2024-01-01,13.872863291811756,16.059277994840386,ma_12
2024-02-01,13.9220839777564,16.059277994840386,ma_12
2024-03-01,13.977021654769251,16.059277994840386,ma_12
2024-04-01,13.967734010452798,16.059277994840386,ma_12
2024-05-01,14.095497322336774,16.059277994840386,ma_12
2024-01-01,14.709083094802265,16.059277994840386,ma_12
2024-02-01,14.858697870696938,16.059277994840386,ma_12
2024-03-01,14.854264485330027,16.059277994840386,ma_12
2024-04-01,14.981508342538636,16.059277994840386,ma_12
2024-05-01,15.056292988415526,16.059277994840386,ma_12
2024-01-01,14.949822882287991,16.059277994840386,ma_12
2024-02-01,15.06363845825116,16.059277994840386,ma_12
2024-03-01,15.25204962013984,16.059277994840386,ma_12
2024-04-01,15.195039082343007,16.059277994840386,ma_12
2024-05-01,15.199463931108754,16.059277994840386,ma_12
2024-01-01,13.184943544718202,16.059277994840386,ma_12
2024-02-01,13.246290521532275,16.059277994840386,ma_12
2024-03-01,13.298176634420345,16.059277994840386,ma_12
2024-04-01,13.260174548697037,16.059277994840386,ma_12
2024-05-01,13.356760489206863,16.059277994840386,ma_12
2024-01-01,14.84339311052611,16.059277994840386,ma_12
2024-02-01,14.94397490684048,16.059277994840386,ma_12
2024-03-01,15.087649956504098,16.059277994840386,ma_12
2024-04-01,15.137477708952183,16.059277994840386,ma_12
2024-05-01,15.15867453311062,16.059277994840386,ma_12
2024-01-01,14.899716572794638,16.059277994840386,ma_12
2024-02-01,15.009624674737667,16.059277994840386,ma_12
2024-03-01,15.20111805824926,16.059277994840386,ma_12
2024-04-01,15.144091454173044,16.059277994840386,ma_12
2024-05-01,15.137138123053054,16.059277994840386,ma_12
2024-01-01,11.638765731565446,16.059277994840386,ma_12
2024-02-01,12.036575305821476,16.059277994840386,ma_12
2024-03-01,11.856316568080093,16.059277994840386,ma_12
2024-04-01,12.060271428391403,16.059277994840386,ma_12
2024-05-01,12.119034359087578,16.059277994840386,ma_12
2024-01-01,10.748138341089403,16.059277994840386,ma_12
2024-02-01,10.829795939729781,16.059277994840386,ma_12
2024-03-01,10.52510113669937,16.059277994840386,ma_12
2024-04-01,10.62271418845335,16.059277994840386,ma_12
2024-05-01,10.894616704008017,16.059277994840386,ma_12
2024-01-01,12.111332753081099,16.059277994840386,ma_12
2024-02-01,12.001211571571435,16.059277994840386,ma_12
2024-03-01,12.083899361822493,16.059277994840386,ma_12
2024-04-01,12.1640254215561,16.059277994840386,ma_12
2024-05-01,12.226505956256684,16.059277994840386,ma_12
2024-01-01,12.154789877403012,16.059277994840386,ma_12
2024-02-01,12.456888949767896,16.059277994840386,ma_12
2024-03-01,12.415571124833566,16.059277994840386,ma_12
2024-04-01,12.523208053497031,16.059277994840386,ma_12
2024-05-01,12.56062579004373,16.059277994840386,ma_12
2024-01-01,13.818802832476111,16.059277994840386,ma_12
2024-02-01,14.023449096735517,16.059277994840386,ma_12
2024-03-01,14.84270310410329,16.059277994840386,ma_12
2024-04-01,13.550920337894812,16.059277994840386,ma_12
2024-05-01,13.696433172498471,16.059277994840386,ma_12
2024-01-01,12.801999974021877,16.059277994840386,ma_12
2024-02-01,13.207866167048069,16.059277994840386,ma_12
2024-03-01,13.954840667982825,16.059277994840386,ma_12
2024-04-01,12.35392654216341,16.059277994840386,ma_12
2024-05-01,12.525271190115372,16.059277994840386,ma_12
2024-01-01,13.649170572816802,16.059277994840386,ma_12
2024-02-01,13.62699304582129,16.059277994840386,ma_12
2024-03-01,14.511630714847367,16.059277994840386,ma_12
2024-04-01,13.689300300310306,16.059277994840386,ma_12
2024-05-01,13.699622600512347,16.059277994840386,ma_12
2024-01-01,14.175402402126696,16.059277994840386,ma_12
2024-02-01,14.261582469440738,16.059277994840386,ma_12
2024-03-01,15.037254957848852,16.059277994840386,ma_12
2024-04-01,13.82840782944804,16.059277994840386,ma_12
2024-05-01,13.931288473599324,16.059277994840386,ma_12
2024-01-01,14.574756900602953,16.059277994840386,ma_12
2024-02-01,14.690508476166896,16.059277994840386,ma_12
2024-03-01,14.786251330455606,16.059277994840386,ma_12
2024-04-01,14.818667116236085,16.059277994840386,ma_12
2024-05-01,14.83464105106268,16.059277994840386,ma_12
2024-01-01,12.89177467964046,16.059277994840386,ma_12
2024-02-01,12.911613703703178,16.059277994840386,ma_12
2024-03-01,12.929234349717616,16.059277994840386,ma_12
2024-04-01,12.89583711115577,16.059277994840386,ma_12
2024-05-01,13.020752932544312,16.059277994840386,ma_12
2024-01-01,14.617658679784528,16.059277994840386,ma_12
2024-02-01,14.655748541679317,16.059277994840386,ma_12
2024-03-01,14.796916519647581,16.059277994840386,ma_12
2024-04-01,14.86381478604083,16.059277994840386,ma_12
2024-05-01,14.90425710653465,16.059277994840386,ma_12
2024-01-01,14.670119909849712,16.059277994840386,ma_12
2024-02-01,14.796811874536463,16.059277994840386,ma_12
2024-03-01,14.898135561652321,16.059277994840386,ma_12
2024-04-01,14.931754753605956,16.059277994840386,ma_12
2024-05-01,14.953401731170601,16.059277994840386,ma_12
2024-01-01,13.077714695446145,16.059277994840386,ma_12
2024-02-01,13.167910574550175,16.059277994840386,ma_12
2024-03-01,13.318850296704056,16.059277994840386,ma_12
2024-04-01,13.349777795569185,16.059277994840386,ma_12
2024-05-01,13.333077036692808,16.059277994840386,ma_12
2024-01-01,11.402217342985807,16.059277994840386,ma_12
2024-02-01,11.470994522461046,16.059277994840386,ma_12
2024-03-01,11.634966090879253,16.059277994840386,ma_12
2024-04-01,11.562973884822908,16.059277994840386,ma_12
2024-05-01,11.619138716945073,16.059277994840386,ma_12
2024-01-01,13.078420267266091,16.059277994840386,ma_12
2024-02-01,13.13476160081143,16.059277994840386,ma_12
2024-03-01,13.291640051822434,16.059277994840386,ma_12
2024-04-01,13.409535219710845,16.059277994840386,ma_12
2024-05-01,13.400698502930242,16.059277994840386,ma_12
2024-01-01,13.090413987984894,16.059277994840386,ma_12
2024-02-01,13.175571956462655,16.059277994840386,ma_12
2024-03-01,13.320337130293114,16.059277994840386,ma_12
2024-04-01,13.3412559862518,16.059277994840386,ma_12
2024-05-01,13.325351730476527,16.059277994840386,ma_12
2024-01-01,12.053617028272296,16.059277994840386,ma_12
2024-02-01,12.096517790360076,16.059277994840386,ma_12
2024-03-01,12.176163802031336,16.059277994840386,ma_12
2024-04-01,12.149008521362461,16.059277994840386,ma_12
2024-05-01,12.185279968296255,16.059277994840386,ma_12
2024-01-01,10.567942005703411,16.059277994840386,ma_12
2024-02-01,10.497101649370864,16.059277994840386,ma_12
2024-03-01,10.488448005238052,16.059277994840386,ma_12
2024-04-01,10.629254380149666,16.059277994840386,ma_12
2024-05-01,10.676346616822633,16.059277994840386,ma_12
2024-01-01,12.01352255518827,16.059277994840386,ma_12
2024-02-01,11.9098246568143,16.059277994840386,ma_12
2024-03-01,11.96887707543009,16.059277994840386,ma_12
2024-04-01,12.008975058904802,16.059277994840386,ma_12
2024-05-01,12.063813562893895,16.059277994840386,ma_12
2024-01-01,12.115350026757849,16.059277994840386,ma_12
2024-02-01,12.111557549562908,16.059277994840386,ma_12
2024-03-01,12.187976391550615,16.059277994840386,ma_12
2024-04-01,12.152652881281025,16.059277994840386,ma_12
2024-05-01,12.189702380931854,16.059277994840386,ma_12
2024-01-01,11.407291578616706,16.059277994840386,ma_12
2024-02-01,11.509367141640142,16.059277994840386,ma_12
2024-03-01,11.640903466020758,16.059277994840386,ma_12
2024-04-01,11.653160338973853,16.059277994840386,ma_12
2024-05-01,11.630756499474648,16.059277994840386,ma_12
2024-01-01,9.628800675579159,16.059277994840386,ma_12
2024-02-01,9.485985287667456,16.059277994840386,ma_12
2024-03-01,9.371651071858434,16.059277994840386,ma_12
2024-04-01,9.262648151599528,16.059277994840386,ma_12
2024-05-01,9.253878673990666,16.059277994840386,ma_12
2024-01-01,11.700366395381009,16.059277994840386,ma_12
2024-02-01,11.527222769671052,16.059277994840386,ma_12
2024-03-01,11.604231274337856,16.059277994840386,ma_12
2024-04-01,11.531846331080231,16.059277994840386,ma_12
2024-05-01,11.577997593713935,16.059277994840386,ma_12
2024-01-01,11.52106127929641,16.059277994840386,ma_12
2024-02-01,11.60521198721677,16.059277994840386,ma_12
2024-03-01,11.736676032013108,16.059277994840386,ma_12
2024-04-01,11.708340098782125,16.059277994840386,ma_12
2024-05-01,11.674881886289938,16.059277994840386,ma_12
2024-01-01,11.194701707405748,16.059277994840386,ma_12
2024-02-01,11.1497436831168,16.059277994840386,ma_12
2024-03-01,11.3359388520227,16.059277994840386,ma_12
2024-04-01,11.441961008328802,16.059277994840386,ma_12
2024-05-01,11.526769196790879,16.059277994840386,ma_12
2024-01-01,9.849305880272142,16.059277994840386,ma_12
2024-02-01,9.797382315197492,16.059277994840386,ma_12
2024-03-01,9.785458236555234,16.059277994840386,ma_12
2024-04-01,9.800873262546327,16.059277994840386,ma_12
2024-05-01,9.960642633037187,16.059277994840386,ma_12
2024-01-01,11.171018084679075,16.059277994840386,ma_12
2024-02-01,11.12561751346652,16.059277994840386,ma_12
2024-03-01,11.306970834076699,16.059277994840386,ma_12
2024-04-01,11.462666372453622,16.059277994840386,ma_12
2024-05-01,11.444717285531928,16.059277994840386,ma_12
2024-01-01,11.353819528110781,16.059277994840386,ma_12
2024-02-01,11.316247344119649,16.059277994840386,ma_12
2024-03-01,11.496513522798756,16.059277994840386,ma_12
2024-04-01,11.5700030977697,16.059277994840386,ma_12
2024-05-01,11.675445594467284,16.059277994840386,ma_12
2024-01-01,15.59709182121093,16.059277994840386,ma_12
2024-02-01,15.775782439005003,16.059277994840386,ma_12
2024-03-01,15.839238259551962,16.059277994840386,ma_12
2024-04-01,15.677306298592663,16.059277994840386,ma_12
2024-05-01,15.640857757408984,16.059277994840386,ma_12
2024-01-01,13.69618565924773,16.059277994840386,ma_12
2024-02-01,13.804419377589696,16.059277994840386,ma_12
2024-03-01,13.762521510810895,16.059277994840386,ma_12
2024-04-01,13.548447772715228,16.059277994840386,ma_12
2024-05-01,13.599575711391461,16.059277994840386,ma_12
2024-01-01,15.048363720848643,16.059277994840386,ma_12
2024-02-01,15.181300329470076,16.059277994840386,ma_12
2024-03-01,15.32346609170347,16.059277994840386,ma_12
2024-04-01,15.1922294199728,16.059277994840386,ma_12
2024-05-01,15.174843401975526,16.059277994840386,ma_12
2024-01-01,15.561479983158565,16.059277994840386,ma_12
2024-02-01,15.71207761501373,16.059277994840386,ma_12
2024-03-01,15.782061638302958,16.059277994840386,ma_12
2024-04-01,15.61557403660504,16.059277994840386,ma_12
2024-05-01,15.584635794683395,16.059277994840386,ma_12
2024-01-01,15.87661047830877,16.059277994840386,ma_12
2024-02-01,15.968603967798215,16.059277994840386,ma_12
2024-03-01,15.994583271411031,16.059277994840386,ma_12
2024-04-01,16.09025054949245,16.059277994840386,ma_12
2024-05-01,16.13286602986177,16.059277994840386,ma_12
2024-01-01,13.836183492707546,16.059277994840386,ma_12
2024-02-01,13.913712915025377,16.059277994840386,ma_12
2024-03-01,13.900970840962673,16.059277994840386,ma_12
2024-04-01,13.928466227280891,16.059277994840386,ma_12
2024-05-01,13.973271114339928,16.059277994840386,ma_12
2024-01-01,14.81407939253837,16.059277994840386,ma_12
2024-02-01,14.773196560004797,16.059277994840386,ma_12
2024-03-01,14.800393446383204,16.059277994840386,ma_12
2024-04-01,14.854932841095069,16.059277994840386,ma_12
2024-05-01,14.909618048581969,16.059277994840386,ma_12
2024-01-01,15.780896320068122,16.059277994840386,ma_12
2024-02-01,15.867203711987663,16.059277994840386,ma_12
2024-03-01,15.891238274424463,16.059277994840386,ma_12
2024-04-01,15.979985333898856,16.059277994840386,ma_12
2024-05-01,16.035193166351306,16.059277994840386,ma_12
2024-01-01,14.064728245174697,16.32306423362104,seasonal_naive
2024-02-01,14.227574446154609,16.32306423362104,seasonal_naive
2024-03-01,14.17513994323994,16.32306423362104,seasonal_naive
2024-04-01,14.274536717154932,16.32306423362104,seasonal_naive
2024-05-01,14.421309522992676,16.32306423362104,seasonal_naive
2024-01-01,12.470042159356765,16.32306423362104,seasonal_naive
2024-02-01,12.533361774764154,16.32306423362104,seasonal_naive
2024-03-01,12.56691653731709,16.32306423362104,seasonal_naive
2024-04-01,12.591303413167434,16.32306423362104,seasonal_naive
2024-05-01,12.649533999488698,16.32306423362104,seasonal_naive
2024-01-01,13.872863291811756,16.32306423362104,seasonal_naive
2024-02-01,13.9220839777564,16.32306423362104,seasonal_naive
2024-03-01,13.977021654769251,14.192861130375686,seasonal_naive
2024-04-01,13.967734010452798,14.28508722107294,seasonal_naive
2024-05-01,14.095497322336774,14.224646586657883,seasonal_naive
2024-01-01,14.709083094802265,14.263784038437299,seasonal_naive
2024-02-01,14.858697870696938,14.226944483851684,seasonal_naive
2024-03-01,14.854264485330027,14.055948888668873,seasonal_naive
2024-04-01,14.981508342538636,14.163299094482534,seasonal_naive
2024-05-01,15.056292988415526,14.223954225756057,seasonal_naive
2024-01-01,14.949822882287991,14.225153327480298,seasonal_naive
2024-02-01,15.06363845825116,14.2643720081148,seasonal_naive
2024-03-01,15.25204962013984,14.101090021482337,seasonal_naive
2024-04-01,15.195039082343007,14.208750846529858,seasonal_naive
2024-05-01,15.199463931108754,13.835862348168387,seasonal_naive
2024-01-01,13.184943544718202,14.047696939368459,seasonal_naive
2024-02-01,13.246290521532275,14.044186298461948,seasonal_naive
2024-03-01,13.298176634420345,14.20823423772802,seasonal_naive
2024-04-01,13.260174548697037,14.188706161193918,seasonal_naive
2024-05-01,13.356760489206863,13.9256153019528,seasonal_naive
2024-01-01,14.84339311052611,14.056202825876204,seasonal_naive
2024-02-01,14.94397490684048,14.231995325979549,seasonal_naive
2024-03-01,15.087649956504098,14.112401770813845,seasonal_naive
2024-04-01,15.137477708952183,14.356699902656278,seasonal_naive
2024-05-01,15.15867453311062,14.35458206421731,seasonal_naive
2024-01-01,14.899716572794638,14.201054415740824,seasonal_naive
2024-02-01,15.009624674737667,14.021579972264936,seasonal_naive
2024-03-01,15.20111805824926,13.927212474371395,seasonal_naive
2024-04-01,15.144091454173044,13.897092480438696,seasonal_naive
2024-05-01,15.137138123053054,14.011383297988266,seasonal_naive
2024-01-01,11.638765731565446,14.186804698797289,seasonal_naive
2024-02-01,12.036575305821476,13.986210511440262,seasonal_naive
2024-03-01,11.856316568080093,14.035985752378608,seasonal_naive
2024-04-01,12.060271428391403,14.142051138557944,seasonal_naive
2024-05-01,12.119034359087578,14.161360189064723,seasonal_naive
2024-01-01,10.748138341089403,14.244986420233918,seasonal_naive
2024-02-01,10.829795939729781,14.30489307277956,seasonal_naive
2024-03-01,10.52510113669937,14.359535204690426,seasonal_naive
2024-04-01,10.62271418845335,14.110506195977766,seasonal_naive
2024-05-01,10.894616704008017,14.074414612033447,seasonal_naive
2024-01-01,12.111332753081099,14.309173339134555,seasonal_naive
2024-02-01,12.001211571571435,14.221518785223195,seasonal_naive
2024-03-01,12.083899361822493,14.465935763099502,seasonal_naive
2024-04-01,12.1640254215561,14.11589459284842,seasonal_naive
2024-05-01,12.226505956256684,14.072351752166181,seasonal_naive
2024-01-01,12.154789877403012,13.933867206850906,seasonal_naive
2024-02-01,12.456888949767896,14.172380132961154,seasonal_naive
2024-03-01,12.415571124833566,14.234012515850328,seasonal_naive
2024-04-01,12.523208053497031,14.148787194088715,seasonal_naive
2024-05-01,12.56062579004373,14.334109868183097,seasonal_naive
2024-01-01,13.818802832476111,12.856781682554306,seasonal_naive
2024-02-01,14.023449096735517,12.83144781619114,seasonal_naive
2024-03-01,14.84270310410329,12.904166073216219,seasonal_naive
2024-04-01,13.550920337894812,12.94876494330601,seasonal_naive
2024-05-01,13.696433172498471,12.880316784045768,seasonal_naive
2024-01-01,12.801999974021877,12.890467384980463,seasonal_naive
2024-02-01,13.207866167048069,12.938244847020004,seasonal_naive
2024-03-01,13.954840667982825,12.88826276615524,seasonal_naive
2024-04-01,12.35392654216341,12.956691482531149,seasonal_naive
2024-05-01,12.525271190115372,12.897041705707224,seasonal_naive
2024-01-01,13.649170572816802,12.939302907681444,seasonal_naive
2024-02-01,13.62699304582129,13.243705937098344,seasonal_naive
2024-03-01,14.511630714847367,12.774916296895649,seasonal_naive
2024-04-01,13.689300300310306,12.70681399347277,seasonal_naive
2024-05-01,13.699622600512347,12.716099850644804,seasonal_naive
2024-01-01,14.175402402126696,12.738281998932193,seasonal_naive
2024-02-01,14.261582469440738,12.825094969178465,seasonal_naive
2024-03-01,15.037254957848852,12.67631968264981,seasonal_naive
2024-04-01,13.82840782944804,12.63028230502971,seasonal_naive
2024-05-01,13.931288473599324,12.68155778630347,seasonal_naive
2024-01-01,14.574756900602953,12.630648965491352,seasonal_naive
2024-02-01,14.690508476166896,12.724459808663406,seasonal_naive
2024-03-01,14.786251330455606,12.726505273892885,seasonal_naive
2024-04-01,14.818667116236085,13.04281203232575,seasonal_naive
2024-05-01,14.83464105106268,12.64682703086624,seasonal_naive
2024-01-01,12.89177467964046,12.620156174791138,seasonal_naive
2024-02-01,12.911613703703178,12.670609798281319,seasonal_naive
2024-03-01,12.929234349717616,12.737236635411612,seasonal_naive
2024-04-01,12.89583711115577,12.922258144260445,seasonal_naive
2024-05-01,13.020752932544312,12.840295383150139,seasonal_naive
2024-01-01,14.617658679784528,12.782717750903448,seasonal_naive
2024-02-01,14.655748541679317,12.8792158235193,seasonal_naive
2024-03-01,14.796916519647581,12.967943327967001,seasonal_naive
2024-04-01,14.86381478604083,12.935047288674902,seasonal_naive
2024-05-01,14.90425710653465,12.858554590115935,seasonal_naive
2024-01-01,14.670119909849712,13.24361328539684,seasonal_naive
2024-02-01,14.796811874536463,12.701500936426143,seasonal_naive
2024-03-01,14.898135561652321,12.652333507814319,seasonal_naive
2024-04-01,14.931754753605956,12.730147706563637,seasonal_naive
2024-05-01,14.953401731170601,12.7133497808514,seasonal_naive
2024-01-01,13.077714695446145,12.687450405900679,seasonal_naive
2024-02-01,13.167910574550175,12.600418833584037,seasonal_naive
2024-03-01,13.318850296704056,12.660349822329769,seasonal_naive
2024-04-01,13.349777795569185,12.603948024371565,seasonal_naive
2024-05-01,13.333077036692808,12.670554495272663,seasonal_naive
2024-01-01,11.402217342985807,12.687105540695983,seasonal_naive
2024-02-01,11.470994522461046,12.707739656951171,seasonal_naive
2024-03-01,11.634966090879253,13.104796377230505,seasonal_naive
2024-04-01,11.562973884822908,14.173103460450111,seasonal_naive
2024-05-01,11.619138716945073,14.266376346394324,seasonal_naive
2024-01-01,13.078420267266091,14.29866816802093,seasonal_naive
2024-02-01,13.13476160081143,14.307916068321198,seasonal_naive
2024-03-01,13.291640051822434,14.261921492925154,seasonal_naive
2024-04-01,13.409535219710845,14.16306565220488,seasonal_naive
2024-05-01,13.400698502930242,14.204456370737828,seasonal_naive
2024-01-01,13.090413987984894,14.185376881808574,seasonal_naive
2024-02-01,13.175571956462655,14.243979959945552,seasonal_naive
2024-03-01,13.320337130293114,14.260651724258382,seasonal_naive
2024-04-01,13.3412559862518,14.112756624274459,seasonal_naive
2024-05-01,13.325351730476527,14.433380644752537,seasonal_naive
2024-01-01,12.053617028272296,13.936009369228142,seasonal_naive
2024-02-01,12.096517790360076,14.143961783540227,seasonal_naive
2024-03-01,12.176163802031336,14.191781019518162,seasonal_naive
2024-04-01,12.149008521362461,14.138658707583222,seasonal_naive
2024-05-01,12.185279968296255,14.158548337021937,seasonal_naive
2024-01-01,10.567942005703411,14.063171487003927,seasonal_naive
2024-02-01,10.497101649370864,14.05715620497543,seasonal_naive
2024-03-01,10.488448005238052,14.121848571106607,seasonal_naive
2024-04-01,10.629254380149666,14.104420426366033,seasonal_naive
2024-05-01,10.676346616822633,14.271496458824085,seasonal_naive
2024-01-01,12.01352255518827,14.243331632130188,seasonal_naive
2024-02-01,11.9098246568143,14.36017443540267,seasonal_naive
2024-03-01,11.96887707543009,14.030363920426689,seasonal_naive
2024-04-01,12.008975058904802,13.992818819165556,seasonal_naive
2024-05-01,12.063813562893895,14.059939479904518,seasonal_naive
2024-01-01,12.115350026757849,14.098920944744075,seasonal_naive
2024-02-01,12.111557549562908,13.987793394998876,seasonal_naive
2024-03-01,12.187976391550615,13.869473984374366,seasonal_naive
2024-04-01,12.152652881281025,13.765180063094377,seasonal_naive
2024-05-01,12.189702380931854,13.837343867127718,seasonal_naive
2024-01-01,11.407291578616706,13.93518815336399,seasonal_naive
2024-02-01,11.509367141640142,14.017631964272773,seasonal_naive
2024-03-01,11.640903466020758,14.094784581634237,seasonal_naive
2024-04-01,11.653160338973853,14.205561136975458,seasonal_naive
2024-05-01,11.630756499474648,14.027239934728737,seasonal_naive
2024-01-01,9.628800675579159,13.969090331998686,seasonal_naive
2024-02-01,9.485985287667456,14.135362293237643,seasonal_naive
2024-03-01,9.371651071858434,14.043788903628883,seasonal_naive
2024-04-01,9.262648151599528,14.107174367768172,seasonal_naive
2024-05-01,9.253878673990666,13.95500855246478,seasonal_naive
2024-01-01,11.700366395381009,13.890222404891775,seasonal_naive
2024-02-01,11.527222769671052,13.794809052798401,seasonal_naive
2024-03-01,11.604231274337856,13.918915883482958,seasonal_naive
2024-04-01,11.531846331080231,14.00237975853342,seasonal_naive
2024-05-01,11.577997593713935,13.981444823556348,seasonal_naive
2024-01-01,11.52106127929641,14.086216548673615,seasonal_naive
2024-02-01,11.60521198721677,14.438592131147526,seasonal_naive
2024-03-01,11.736676032013108,14.49173286751255,seasonal_naive
2024-04-01,11.708340098782125,14.456472520174934,seasonal_naive
2024-05-01,11.674881886289938,14.482534991278612,seasonal_naive
2024-01-01,11.194701707405748,14.443387963418958,seasonal_naive
2024-02-01,11.1497436831168,14.320117888154522,seasonal_naive
2024-03-01,11.3359388520227,14.394499357114578,seasonal_naive
2024-04-01,11.441961008328802,14.446460527712635,seasonal_naive
2024-05-01,11.526769196790879,14.436712925054843,seasonal_naive
2024-01-01,9.849305880272142,14.50641126709574,seasonal_naive
2024-02-01,9.797382315197492,14.393559127822945,seasonal_naive
2024-03-01,9.785458236555234,14.53154325588647,seasonal_naive
2024-04-01,9.800873262546327,14.173927244188883,seasonal_naive
2024-05-01,9.960642633037187,14.301359915413979,seasonal_naive
2024-01-01,11.171018084679075,14.343696770853418,seasonal_naive
2024-02-01,11.12561751346652,14.40011410656722,seasonal_naive
2024-03-01,11.306970834076699,14.394070117089576,seasonal_naive
2024-04-01,11.462666372453622,14.17616335972563,seasonal_naive
2024-05-01,11.444717285531928,14.237982427792083,seasonal_naive
2024-01-01,11.353819528110781,14.367896617135926,seasonal_naive
2024-02-01,11.316247344119649,14.327660544374789,seasonal_naive
2024-03-01,11.496513522798756,14.579650914733735,seasonal_naive
2024-04-01,11.5700030977697,14.573911394516895,seasonal_naive
2024-05-01,11.675445594467284,14.570705018470742,seasonal_naive
2024-01-01,15.59709182121093,14.348149726951494,seasonal_naive
2024-02-01,15.775782439005003,14.290343134056027,seasonal_naive
2024-03-01,15.839238259551962,14.327087899119938,seasonal_naive
2024-04-01,15.677306298592663,14.389570271216673,seasonal_naive
2024-05-01,15.640857757408984,14.41803092462099,seasonal_naive
2024-01-01,13.69618565924773,14.238748194896763,seasonal_naive
2024-02-01,13.804419377589696,14.271322459335757,seasonal_naive
2024-03-01,13.762521510810895,14.367442500626513,seasonal_naive
2024-04-01,13.548447772715228,14.393023517511104,seasonal_naive
2024-05-01,13.599575711391461,14.472636700945007,seasonal_naive
2024-01-01,15.048363720848643,14.494974245082714,seasonal_naive
2024-02-01,15.181300329470076,14.574221671247587,seasonal_naive
2024-03-01,15.32346609170347,15.01793790869176,seasonal_naive
2024-04-01,15.1922294199728,15.074218818136758,seasonal_naive
2024-05-01,15.174843401975526,15.37803818814318,seasonal_naive
2024-01-01,15.561479983158565,15.386736815974054,seasonal_naive
2024-02-01,15.71207761501373,15.151486675495835,seasonal_naive
2024-03-01,15.782061638302958,14.966984014596875,seasonal_naive
2024-04-01,15.61557403660504,14.943968500931826,seasonal_naive
2024-05-01,15.584635794683395,14.8469389807648,seasonal_naive
2024-01-01,15.87661047830877,14.973576524337737,seasonal_naive
2024-02-01,15.968603967798215,15.067465342824352,seasonal_naive
2024-03-01,15.994583271411031,15.017461259217125,seasonal_naive
2024-04-01,16.09025054949245,15.283931991421147,seasonal_naive
2024-05-01,16.13286602986177,13.907560975968009,seasonal_naive
2024-01-01,13.836183492707546,14.046397968057573,seasonal_naive
2024-02-01,13.913712915025377,14.218536426879243,seasonal_naive
2024-03-01,13.900970840962673,14.216156807333661,seasonal_naive
2024-04-01,13.928466227280891,14.158138310465253,seasonal_naive
2024-05-01,13.973271114339928,14.380429857387462,seasonal_naive
2024-01-01,14.81407939253837,14.290514228642925,seasonal_naive
2024-02-01,14.773196560004797,14.651394946057296,seasonal_naive
2024-03-01,14.800393446383204,14.820343088468542,seasonal_naive
2024-04-01,14.854932841095069,14.480174721418287,seasonal_naive
2024-05-01,14.909618048581969,14.339232248846944,seasonal_naive
2024-01-01,15.780896320068122,14.337160981609069,seasonal_naive
2024-02-01,15.867203711987663,14.027909067526245,seasonal_naive
2024-03-01,15.891238274424463,14.14467429530596,seasonal_naive
2024-04-01,15.979985333898856,14.251997087485275,seasonal_naive
2024-05-01,16.035193166351306,14.042897015408444,seasonal_naive
2024-01-01,14.064728245174697,15.998017779359856,sarima
2024-02-01,14.227574446154609,16.019254115821735,sarima
2024-03-01,14.17513994323994,16.091981386468643,sarima
2024-04-01,14.274536717154932,16.148055626259286,sarima
2024-05-01,14.421309522992676,16.058762563150363,sarima
2024-01-01,12.470042159356765,15.959607677124648,sarima
2024-02-01,12.533361774764154,15.947931170017748,sarima
2024-03-01,12.56691653731709,15.952717641015605,sarima
2024-04-01,12.591303413167434,16.03654502232008,sarima
2024-05-01,12.649533999488698,16.131015903687395,sarima
2024-01-01,13.872863291811756,16.112212120721715,sarima
2024-02-01,13.9220839777564,16.289765242125732,sarima
2024-03-01,13.977021654769251,15.967138029830897,sarima
2024-04-01,13.967734010452798,15.990668365304101,sarima
2024-05-01,14.095497322336774,16.06557084563521,sarima
2024-01-01,14.709083094802265,16.12370765402944,sarima
2024-02-01,14.858697870696938,16.03637035502084,sarima
2024-03-01,14.854264485330027,15.939069973543319,sarima
2024-04-01,14.981508342538636,15.929151936551836,sarima
2024-05-01,15.056292988415526,15.935605805948283,sarima
2024-01-01,14.949822882287991,16.021014257958548,sarima
2024-02-01,15.06363845825116,16.116984344284663,sarima
2024-03-01,15.25204962013984,16.099602121333483,sarima
2024-04-01,15.195039082343007,16.278503203537333,sarima
2024-05-01,15.199463931108754,15.957154148722434,sarima
2024-01-01,13.184943544718202,15.981896456943316,sarima
2024-02-01,13.246290521532275,16.057948152425283,sarima
2024-03-01,13.298176634420345,16.117174668047245,sarima
2024-04-01,13.260174548697037,16.030870649744422,sarima
2024-05-01,13.356760489206863,15.934550044292756,sarima
2024-01-01,14.84339311052611,15.925561049192286,sarima
2024-02-01,14.94397490684048,15.932895853427391,sarima
2024-03-01,15.087649956504098,16.019139624272544,sarima
2024-04-01,15.137477708952183,16.115901775488464,sarima
2024-05-01,15.15867453311062,16.09927060323011,sarima
2024-01-01,14.899716572794638,16.278883845700694,sarima
2024-02-01,15.009624674737667,15.958210074525573,sarima
2024-03-01,15.20111805824926,15.983592699281168,sarima
2024-04-01,15.144091454173044,16.060251554837023,sarima
2024-05-01,15.137138123053054,16.12005379095868,sarima
2024-01-01,11.638765731565446,16.034295681565258,sarima
2024-02-01,12.036575305821476,15.938492717117377,sarima
2024-03-01,11.856316568080093,15.929994558865669,sarima
2024-04-01,12.060271428391403,15.937794783750105,sarima
2024-05-01,12.119034359087578,16.024479875130513,sarima
2024-01-01,10.748138341089403,16.121660494704315,sarima
2024-02-01,10.829795939729781,16.105426121943268,sarima
2024-03-01,10.52510113669937,16.28541561709364,sarima
2024-04-01,10.62271418845335,15.965098615722956,sarima
2024-05-01,10.894616704008017,15.990819536257401,sarima
2024-01-01,12.111332753081099,16.06779917017669,sarima
2024-02-01,12.001211571571435,16.12790557432196,sarima
2024-03-01,12.083899361822493,16.042435882718294,sarima
2024-04-01,12.1640254215561,15.946906401394852,sarima
2024-05-01,12.226505956256684,15.938667564939534,sarima
2024-01-01,12.154789877403012,15.946713683585141,sarima
2024-02-01,12.456888949767896,16.033631936013425,sarima
2024-03-01,12.415571124833566,16.131033643238993,sarima
2024-04-01,12.523208053497031,16.115008909910493,sarima
2024-05-01,12.56062579004373,16.295197189078547,sarima
2024-01-01,13.818802832476111,15.975068678418813,sarima
2024-02-01,14.023449096735517,16.000968329358905,sarima
2024-03-01,14.84270310410329,16.078117438780414,sarima
2024-04-01,13.550920337894812,16.138384542755947,sarima
2024-05-01,13.696433172498471,16.053067229726835,sarima
2024-01-01,12.801999974021877,15.957682236608163,sarima
2024-02-01,13.207866167048069,15.949580406561909,sarima
2024-03-01,13.954840667982825,15.957756437238425,sarima
2024-04-01,12.35392654216341,16.04479787467601,sarima
2024-05-01,12.525271190115372,16.14231638822361,sarima
2024-01-01,13.649170572816802,16.126402412826955,sarima
2024-02-01,13.62699304582129,16.306695714730544,sarima
2024-03-01,14.511630714847367,15.986666788586298,sarima
2024-04-01,13.689300300310306,16.012660867420262,sarima
2024-05-01,13.699622600512347,16.089899515130895,sarima
2024-01-01,14.175402402126696,16.1502515209812,sarima
2024-02-01,14.261582469440738,16.06501471349234,sarima
2024-03-01,15.037254957848852,15.969706057227581,sarima
2024-04-01,13.82840782944804,15.961676611209146,sarima
2024-05-01,13.931288473599324,15.9699212777701,sarima
2024-01-01,14.574756900602953,16.0570277970327,sarima
2024-02-01,14.690508476166896,16.154608022379918,sarima
2024-03-01,14.786251330455606,16.138752563261992,sarima
2024-04-01,14.818667116236085,16.31910135139183,sarima
2024-05-01,14.83464105106268,15.999125038321592,sarima
2024-01-01,12.89177467964046,16.025169005853048,sarima
2024-02-01,12.911613703703178,16.102454958956585,sarima
2024-03-01,12.929234349717616,16.16285182066223,sarima
2024-04-01,12.89583711115577,16.07765754633153,sarima
2024-05-01,13.020752932544312,15.98238922080016,sarima
2024-01-01,14.617658679784528,15.974398017134904,sarima
2024-02-01,14.655748541679317,15.98267894580799,sarima
2024-03-01,14.796916519647581,16.069819849481252,sarima
2024-04-01,14.86381478604083,16.167432678767593,sarima
2024-05-01,14.90425710653465,16.151608135312493,sarima
2024-01-01,14.670119909849712,16.331986238250096,sarima
2024-02-01,14.796811874536463,16.012037722027017,sarima
2024-03-01,14.898135561652321,16.03810804704709,sarima
2024-04-01,14.931754753605956,16.115418992812646,sarima
2024-05-01,14.953401731170601,16.175839553026286,sarima
2024-01-01,13.077714695446145,16.09066775006261,sarima
2024-02-01,13.167910574550175,15.995420732300332,sarima
2024-03-01,13.318850296704056,15.98744973305891,sarima
2024-04-01,13.349777795569185,15.99574981994329,sarima
2024-05-01,13.333077036692808,16.082908889789614,sarima
2024-01-01,11.402217342985807,16.18053894457988,sarima
2024-02-01,11.470994522461046,16.164730734668684,sarima
2024-03-01,11.634966090879253,16.34512432537708,sarima
2024-04-01,11.562973884822908,16.025190494946965,sarima
2024-05-01,11.619138716945073,16.051274745309673,sarima
2024-01-01,13.078420267266091,16.128598895344687,sarima
2024-02-01,13.13476160081143,16.189031976092764,sarima
2024-03-01,13.291640051822434,16.10387204533322,sarima
2024-04-01,13.409535219710845,16.008636285016202,sarima
2024-05-01,13.400698502930242,16.000675960294217,sarima
2024-01-01,13.090413987984894,16.008986168956902,sarima
2024-02-01,13.175571956462655,16.096154836462095,sarima
2024-03-01,13.320337130293114,16.193793991931397,sarima
2024-04-01,13.3412559862518,16.177994411453703,sarima
2024-05-01,13.325351730476527,16.358396184751804,sarima
2024-01-01,12.053617028272296,16.03847011320577,sarima
2024-02-01,12.096517790360076,16.06456172068699,sarima
2024-03-01,12.176163802031336,16.14189284687892,sarima
2024-04-01,12.149008521362461,16.202332542549012,sarima
2024-05-01,12.185279968296255,16.11717888418184,sarima
2024-01-01,10.567942005703411,16.02194907146419,sarima
2024-02-01,10.497101649370864,16.01399438636678,sarima
2024-03-01,10.488448005238052,16.022309942626617,sarima
2024-04-01,10.629254380149666,16.109483680823104,sarima
2024-05-01,10.676346616822633,16.207127644416413,sarima
2024-01-01,12.01352255518827,16.19133262309153,sarima
2024-02-01,11.9098246568143,16.37173871946331,sarima
2024-03-01,11.96887707543009,16.051816747136314,sarima
2024-04-01,12.008975058904802,16.077912241573443,sarima
2024-05-01,12.063813562893895,16.155247053449422,sarima
2024-01-01,12.115350026757849,16.21569024395383,sarima
2024-02-01,12.111557549562908,16.130539899453698,sarima
2024-03-01,12.187976391550615,16.03531322900654,sarima
2024-04-01,12.152652881281025,16.027361523468596,sarima
2024-05-01,12.189702380931854,16.035679905002254,sarima
2024-01-01,11.407291578616706,16.12285632217604,sarima
2024-02-01,11.509367141640142,16.220502826025566,sarima
2024-03-01,11.640903466020758,16.204710213418974,sarima
2024-04-01,11.653160338973853,16.385118593782334,sarima
2024-05-01,11.630756499474648,16.065198787178737,sarima
2024-01-01,9.628800675579159,16.09129633519516,sarima
2024-02-01,9.485985287667456,16.168633094313304,sarima
2024-03-01,9.371651071858434,16.22907813122903,sarima
2024-04-01,9.262648151599528,16.14392953753053,sarima
2024-05-01,9.253878673990666,16.04870452722611,sarima
2024-01-01,11.700366395381009,16.040754395866458,sarima
2024-02-01,11.527222769671052,16.049074270065315,sarima
2024-03-01,11.604231274337856,16.13625210261207,sarima
2024-04-01,11.531846331080231,16.23389994854462,sarima
2024-05-01,11.577997593713935,16.218108608526173,sarima
2024-01-01,11.52106127929641,16.398518195581335,sarima
2024-02-01,11.60521198721677,16.078599533185404,sarima
2024-03-01,11.736676032013108,16.104698166160855,sarima
2024-04-01,11.708340098782125,16.18203595405737,sarima
2024-05-01,11.674881886289938,16.24248196647993,sarima
2024-01-01,11.194701707405748,16.15733429777519,sarima
2024-02-01,11.1497436831168,16.062110164567095,sarima
2024-03-01,11.3359388520227,16.054160864886533,sarima
2024-04-01,11.441961008328802,16.062481527699003,sarima
2024-05-01,11.526769196790879,16.149660108023888,sarima
2024-01-01,9.849305880272142,16.2473086630136,sarima
2024-02-01,9.797382315197492,16.23151799533637,sarima
2024-03-01,9.785458236555234,16.411928219918007,sarima
2024-04-01,9.800873262546327,16.092010162036555,sarima
2024-05-01,9.960642633037187,16.11810936822391,sarima
2024-01-01,11.171018084679075,16.195447699650643,sarima
2024-02-01,11.12561751346652,16.255894227458683,sarima
2024-03-01,11.306970834076699,16.170747047452053,sarima
2024-04-01,11.462666372453622,16.075523377636635,sarima
2024-05-01,11.444717285531928,16.06757451735363,sarima
2024-01-01,11.353819528110781,16.075895596811062,sarima
2024-02-01,11.316247344119649,16.16307457220646,sarima
2024-03-01,11.496513522798756,16.260723501809405,sarima
2024-04-01,11.5700030977697,16.24493318934742,sarima
2024-05-01,11.675445594467284,16.425343750750773,sarima
2024-01-01,15.59709182121093,16.105426012249954,sarima
2024-02-01,15.775782439005003,16.13152552127998,sarima
2024-03-01,15.839238259551962,16.208864139867767,sarima
2024-04-01,15.677306298592663,16.269310939967276,sarima
2024-05-01,15.640857757408984,16.184164018152504,sarima
2024-01-01,13.69618565924773,16.088940593159403,sarima
2024-02-01,13.804419377589696,16.080991965021497,sarima
2024-03-01,13.762521510810895,16.08931326460323,sarima
2024-04-01,13.548447772715228,16.1764924487246,sarima
2024-05-01,13.599575711391461,16.27414157624539,sarima
2024-01-01,15.048363720848643,16.258351451452803,sarima
2024-02-01,15.181300329470076,16.438762190807775,sarima
2024-03-01,15.32346609170347,16.118844621044,sarima
2024-04-01,15.1922294199728,16.14494429007363,sarima
2024-05-01,15.174843401975526,16.222283060376036,sarima
2024-01-01,15.561479983158565,16.28273000433417,sarima
2024-02-01,15.71207761501373,16.197583218928827,sarima
2024-03-01,15.782061638302958,16.10235992328169,sarima
2024-04-01,15.61557403660504,16.09441141779203,sarima
2024-05-01,15.584635794683395,16.102732833671126,sarima
2024-01-01,15.87661047830877,16.189912128067817,sarima
2024-02-01,15.968603967798215,16.28756136015373,sarima
2024-03-01,15.994583271411031,16.271771334511737,sarima
2024-04-01,16.09025054949245,16.45218216788315,sarima
2024-05-01,16.13286602986177,16.132264687267515,sarima
2024-01-01,13.836183492707546,16.158364440829082,sarima
2024-02-01,13.913712915025377,16.23570329128624,sarima
2024-03-01,13.900970840962673,16.296150311248603,sarima
2024-04-01,13.928466227280891,16.211003597911883,sarima
2024-05-01,13.973271114339928,16.11578037060157,sarima
2024-01-01,14.81407939253837,16.10783192991015,sarima
2024-02-01,14.773196560004797,16.116153407232147,sarima
2024-03-01,14.800393446383204,16.20333275989014,sarima
2024-04-01,14.854932841095069,16.30098204722051,sarima
2024-05-01,14.909618048581969,16.28519207396234,sarima
2024-01-01,15.780896320068122,16.46560295700507,sarima
2024-02-01,15.867203711987663,16.145685523488705,sarima
2024-03-01,15.891238274424463,16.171785321710672,sarima
2024-04-01,15.979985333898856,16.249124214515657,sarima
2024-05-01,16.035193166351306,16.309571274633022,sarima
2024-01-01,14.064728245174697,14.076010704040527,xgboost
2024-02-01,14.227574446154609,14.09565258026123,xgboost
2024-03-01,14.17513994323994,14.152441024780273,xgboost
2024-04-01,14.274536717154932,14.140548706054688,xgboost
2024-05-01,14.421309522992676,14.155743598937988,xgboost
2024-01-01,12.470042159356765,12.627411842346191,xgboost
2024-02-01,12.533361774764154,12.616135597229004,xgboost
2024-03-01,12.56691653731709,12.723331451416016,xgboost
2024-04-01,12.591303413167434,12.642024993896484,xgboost
2024-05-01,12.649533999488698,12.716219902038574,xgboost
2024-01-01,13.872863291811756,13.510247230529785,xgboost
2024-02-01,13.9220839777564,13.51802921295166,xgboost
2024-03-01,13.977021654769251,13.094314575195312,xgboost
2024-04-01,13.967734010452798,13.07086181640625,xgboost
2024-05-01,14.095497322336774,13.07201862335205,xgboost
2024-01-01,14.709083094802265,14.731313705444336,xgboost
2024-02-01,14.858697870696938,14.731054306030273,xgboost
2024-03-01,14.854264485330027,14.867454528808594,xgboost
2024-04-01,14.981508342538636,14.81261157989502,xgboost
2024-05-01,15.056292988415526,14.759882926940918,xgboost
2024-01-01,14.949822882287991,14.716829299926758,xgboost
2024-02-01,15.06363845825116,14.710400581359863,xgboost
2024-03-01,15.25204962013984,14.876714706420898,xgboost
2024-04-01,15.195039082343007,14.770445823669434,xgboost
2024-05-01,15.199463931108754,14.761629104614258,xgboost
2024-01-01,13.184943544718202,13.163211822509766,xgboost
2024-02-01,13.246290521532275,13.166680335998535,xgboost
2024-03-01,13.298176634420345,13.341127395629883,xgboost
2024-04-01,13.260174548697037,13.200188636779785,xgboost
2024-05-01,13.356760489206863,13.179268836975098,xgboost
2024-01-01,14.84339311052611,14.737295150756836,xgboost
2024-02-01,14.94397490684048,14.741575241088867,xgboost
2024-03-01,15.087649956504098,14.854155540466309,xgboost
2024-04-01,15.137477708952183,14.792525291442871,xgboost
2024-05-01,15.15867453311062,14.791211128234863,xgboost
2024-01-01,14.899716572794638,14.737855911254883,xgboost
2024-02-01,15.009624674737667,14.667390823364258,xgboost
2024-03-01,15.20111805824926,14.876177787780762,xgboost
2024-04-01,15.144091454173044,14.710987091064453,xgboost
2024-05-01,15.137138123053054,14.689284324645996,xgboost
2024-01-01,11.638765731565446,11.449077606201172,xgboost
2024-02-01,12.036575305821476,11.464561462402344,xgboost
2024-03-01,11.856316568080093,11.625168800354004,xgboost
2024-04-01,12.060271428391403,11.614059448242188,xgboost
2024-05-01,12.119034359087578,11.645742416381836,xgboost
2024-01-01,10.748138341089403,10.678250312805176,xgboost
2024-02-01,10.829795939729781,10.659693717956543,xgboost
2024-03-01,10.52510113669937,10.635056495666504,xgboost
2024-04-01,10.62271418845335,10.67689037322998,xgboost
2024-05-01,10.894616704008017,10.773479461669922,xgboost
2024-01-01,12.111332753081099,12.039616584777832,xgboost
2024-02-01,12.001211571571435,11.996785163879395,xgboost
2024-03-01,12.083899361822493,12.193466186523438,xgboost
2024-04-01,12.1640254215561,12.127235412597656,xgboost
2024-05-01,12.226505956256684,12.134868621826172,xgboost
2024-01-01,12.154789877403012,11.98532485961914,xgboost
2024-02-01,12.456888949767896,12.514226913452148,xgboost
2024-03-01,12.415571124833566,12.496742248535156,xgboost
2024-04-01,12.523208053497031,12.54537582397461,xgboost
2024-05-01,12.56062579004373,12.508646965026855,xgboost
2024-01-01,13.818802832476111,13.446697235107422,xgboost
2024-02-01,14.023449096735517,13.683191299438477,xgboost
2024-03-01,14.84270310410329,14.110129356384277,xgboost
2024-04-01,13.550920337894812,13.35727310180664,xgboost
2024-05-01,13.696433172498471,13.353049278259277,xgboost
2024-01-01,12.801999974021877,12.591684341430664,xgboost
2024-02-01,13.207866167048069,13.466653823852539,xgboost
2024-03-01,13.954840667982825,14.036191940307617,xgboost
2024-04-01,12.35392654216341,12.58653450012207,xgboost
2024-05-01,12.525271190115372,12.583782196044922,xgboost
2024-01-01,13.649170572816802,13.69396686553955,xgboost
2024-02-01,13.62699304582129,13.496232032775879,xgboost
2024-03-01,14.511630714847367,13.68671989440918,xgboost
2024-04-01,13.689300300310306,13.224433898925781,xgboost
2024-05-01,13.699622600512347,13.176299095153809,xgboost
2024-01-01,14.175402402126696,13.630294799804688,xgboost
2024-02-01,14.261582469440738,13.646163940429688,xgboost
2024-03-01,15.037254957848852,14.162386894226074,xgboost
2024-04-01,13.82840782944804,13.644125938415527,xgboost
2024-05-01,13.931288473599324,13.361653327941895,xgboost
2024-01-01,14.574756900602953,14.74250316619873,xgboost
2024-02-01,14.690508476166896,14.749813079833984,xgboost
2024-03-01,14.786251330455606,14.921220779418945,xgboost
2024-04-01,14.818667116236085,14.815755844116211,xgboost
2024-05-01,14.83464105106268,14.649744033813477,xgboost
2024-01-01,12.89177467964046,13.189200401306152,xgboost
2024-02-01,12.911613703703178,13.186483383178711,xgboost
2024-03-01,12.929234349717616,13.263198852539062,xgboost
2024-04-01,12.89583711115577,13.179420471191406,xgboost
2024-05-01,13.020752932544312,13.166860580444336,xgboost
2024-01-01,14.617658679784528,14.531477928161621,xgboost
2024-02-01,14.655748541679317,14.543557167053223,xgboost
2024-03-01,14.796916519647581,14.69187068939209,xgboost
2024-04-01,14.86381478604083,14.606689453125,xgboost
2024-05-01,14.90425710653465,14.630983352661133,xgboost
2024-01-01,14.670119909849712,14.849835395812988,xgboost
2024-02-01,14.796811874536463,14.869865417480469,xgboost
2024-03-01,14.898135561652321,14.999662399291992,xgboost
2024-04-01,14.931754753605956,14.907373428344727,xgboost
2024-05-01,14.953401731170601,14.892510414123535,xgboost
2024-01-01,13.077714695446145,12.886820793151855,xgboost
2024-02-01,13.167910574550175,12.87597370147705,xgboost
2024-03-01,13.318850296704056,13.050938606262207,xgboost
2024-04-01,13.349777795569185,12.955958366394043,xgboost
2024-05-01,13.333077036692808,12.963418960571289,xgboost
2024-01-01,11.402217342985807,11.446365356445312,xgboost
2024-02-01,11.470994522461046,11.466095924377441,xgboost
2024-03-01,11.634966090879253,11.63205623626709,xgboost
2024-04-01,11.562973884822908,11.530211448669434,xgboost
2024-05-01,11.619138716945073,11.530847549438477,xgboost
2024-01-01,13.078420267266091,13.081235885620117,xgboost
2024-02-01,13.13476160081143,13.070878028869629,xgboost
2024-03-01,13.291640051822434,13.217925071716309,xgboost
2024-04-01,13.409535219710845,13.152445793151855,xgboost
2024-05-01,13.400698502930242,13.163853645324707,xgboost
2024-01-01,13.090413987984894,13.037271499633789,xgboost
2024-02-01,13.175571956462655,13.03639030456543,xgboost
2024-03-01,13.320337130293114,13.190726280212402,xgboost
2024-04-01,13.3412559862518,13.073007583618164,xgboost
2024-05-01,13.325351730476527,13.0652437210083,xgboost
2024-01-01,12.053617028272296,11.832204818725586,xgboost
2024-02-01,12.096517790360076,11.861068725585938,xgboost
2024-03-01,12.176163802031336,11.832304000854492,xgboost
2024-04-01,12.149008521362461,11.776177406311035,xgboost
2024-05-01,12.185279968296255,11.738911628723145,xgboost
2024-01-01,10.567942005703411,10.701237678527832,xgboost
2024-02-01,10.497101649370864,10.669514656066895,xgboost
2024-03-01,10.488448005238052,10.608407974243164,xgboost
2024-04-01,10.629254380149666,10.656028747558594,xgboost
2024-05-01,10.676346616822633,10.500837326049805,xgboost
2024-01-01,12.01352255518827,12.049525260925293,xgboost
2024-02-01,11.9098246568143,11.949358940124512,xgboost
2024-03-01,11.96887707543009,11.977036476135254,xgboost
2024-04-01,12.008975058904802,12.016855239868164,xgboost
2024-05-01,12.063813562893895,11.998381614685059,xgboost
2024-01-01,12.115350026757849,11.990875244140625,xgboost
2024-02-01,12.111557549562908,11.959118843078613,xgboost
2024-03-01,12.187976391550615,11.996472358703613,xgboost
2024-04-01,12.152652881281025,11.956864356994629,xgboost
2024-05-01,12.189702380931854,11.817899703979492,xgboost
2024-01-01,11.407291578616706,11.148577690124512,xgboost
2024-02-01,11.509367141640142,11.141862869262695,xgboost
2024-03-01,11.640903466020758,11.293487548828125,xgboost
2024-04-01,11.653160338973853,11.307283401489258,xgboost
2024-05-01,11.630756499474648,11.268156051635742,xgboost
2024-01-01,9.628800675579159,9.851099967956543,xgboost
2024-02-01,9.485985287667456,9.861312866210938,xgboost
2024-03-01,9.371651071858434,9.540371894836426,xgboost
2024-04-01,9.262648151599528,9.404275894165039,xgboost
2024-05-01,9.253878673990666,9.396244049072266,xgboost
2024-01-01,11.700366395381009,11.516969680786133,xgboost
2024-02-01,11.527222769671052,11.493062973022461,xgboost
2024-03-01,11.604231274337856,11.596458435058594,xgboost
2024-04-01,11.531846331080231,11.522720336914062,xgboost
2024-05-01,11.577997593713935,11.519453048706055,xgboost
2024-01-01,11.52106127929641,11.184386253356934,xgboost
2024-02-01,11.60521198721677,11.182320594787598,xgboost
2024-03-01,11.736676032013108,11.352594375610352,xgboost
2024-04-01,11.708340098782125,11.30522632598877,xgboost
2024-05-01,11.674881886289938,11.297593116760254,xgboost
2024-01-01,11.194701707405748,11.087143898010254,xgboost
2024-02-01,11.1497436831168,11.074586868286133,xgboost
2024-03-01,11.3359388520227,11.164484977722168,xgboost
2024-04-01,11.441961008328802,11.064192771911621,xgboost
2024-05-01,11.526769196790879,11.06673812866211,xgboost
2024-01-01,9.849305880272142,10.4557466506958,xgboost
2024-02-01,9.797382315197492,10.36524486541748,xgboost
2024-03-01,9.785458236555234,9.962370872497559,xgboost
2024-04-01,9.800873262546327,9.767645835876465,xgboost
2024-05-01,9.960642633037187,9.732917785644531,xgboost
2024-01-01,11.171018084679075,11.21485710144043,xgboost
2024-02-01,11.12561751346652,11.208456993103027,xgboost
2024-03-01,11.306970834076699,11.339644432067871,xgboost
2024-04-01,11.462666372453622,11.42035961151123,xgboost
2024-05-01,11.444717285531928,11.426764488220215,xgboost
2024-01-01,11.353819528110781,11.40488338470459,xgboost
2024-02-01,11.316247344119649,11.396499633789062,xgboost
2024-03-01,11.496513522798756,11.45340347290039,xgboost
2024-04-01,11.5700030977697,11.39465045928955,xgboost
2024-05-01,11.675445594467284,11.39194393157959,xgboost
2024-01-01,15.59709182121093,15.452585220336914,xgboost
2024-02-01,15.775782439005003,15.477910995483398,xgboost
2024-03-01,15.839238259551962,15.6334810256958,xgboost
2024-04-01,15.677306298592663,15.49084186553955,xgboost
2024-05-01,15.640857757408984,14.886978149414062,xgboost
2024-01-01,13.69618565924773,13.73729133605957,xgboost
2024-02-01,13.804419377589696,13.420798301696777,xgboost
2024-03-01,13.762521510810895,13.78659439086914,xgboost
2024-04-01,13.548447772715228,13.284906387329102,xgboost
2024-05-01,13.599575711391461,13.319947242736816,xgboost
2024-01-01,15.048363720848643,14.62309741973877,xgboost
2024-02-01,15.181300329470076,14.641205787658691,xgboost
2024-03-01,15.32346609170347,14.775866508483887,xgboost
2024-04-01,15.1922294199728,14.672211647033691,xgboost
2024-05-01,15.174843401975526,14.693062782287598,xgboost
2024-01-01,15.561479983158565,15.013157844543457,xgboost
2024-02-01,15.71207761501373,15.068517684936523,xgboost
2024-03-01,15.782061638302958,15.259114265441895,xgboost
2024-04-01,15.61557403660504,14.940625190734863,xgboost
2024-05-01,15.584635794683395,14.859244346618652,xgboost
2024-01-01,15.87661047830877,16.063236236572266,xgboost
2024-02-01,15.968603967798215,15.935139656066895,xgboost
2024-03-01,15.994583271411031,16.10916519165039,xgboost
2024-04-01,16.09025054949245,16.144020080566406,xgboost
2024-05-01,16.13286602986177,15.953498840332031,xgboost
2024-01-01,13.836183492707546,13.364869117736816,xgboost
2024-02-01,13.913712915025377,13.365177154541016,xgboost
2024-03-01,13.900970840962673,13.391249656677246,xgboost
2024-04-01,13.928466227280891,13.42296028137207,xgboost
2024-05-01,13.973271114339928,13.423827171325684,xgboost
2024-01-01,14.81407939253837,14.831254005432129,xgboost
2024-02-01,14.773196560004797,14.8300142288208,xgboost
2024-03-01,14.800393446383204,14.798054695129395,xgboost
2024-04-01,14.854932841095069,14.789772033691406,xgboost
2024-05-01,14.909618048581969,14.773187637329102,xgboost
2024-01-01,15.780896320068122,16.00096321105957,xgboost
2024-02-01,15.867203711987663,16.023242950439453,xgboost
2024-03-01,15.891238274424463,16.090818405151367,xgboost
2024-04-01,15.979985333898856,16.063217163085938,xgboost
2024-05-01,16.035193166351306,16.024070739746094,xgboost
2024-01-01,14.064728245174697,15.037014241700192,ensemble
2024-02-01,14.227574446154609,15.057453348041482,ensemble
2024-03-01,14.17513994323994,15.122211205624458,ensemble
2024-04-01,14.274536717154932,15.144302166156987,ensemble
2024-05-01,14.421309522992676,15.107253081044176,ensemble
2024-01-01,12.470042159356765,14.29350975973542,ensemble
2024-02-01,12.533361774764154,14.282033383623375,ensemble
2024-03-01,12.56691653731709,14.33802454621581,ensemble
2024-04-01,12.591303413167434,14.339285008108282,ensemble
2024-05-01,12.649533999488698,14.423617902862985,ensemble
2024-01-01,13.872863291811756,14.81122967562575,ensemble
2024-02-01,13.9220839777564,14.903897227538696,ensemble
2024-03-01,13.977021654769251,14.530726302513106,ensemble
2024-04-01,13.967734010452798,14.530765090855176,ensemble
2024-05-01,14.095497322336774,14.56879473449363,ensemble
2024-01-01,14.709083094802265,15.427510679736889,ensemble
2024-02-01,14.858697870696938,15.383712330525556,ensemble
2024-03-01,14.854264485330027,15.403262251175956,ensemble
2024-04-01,14.981508342538636,15.370881758223428,ensemble
2024-05-01,15.056292988415526,15.347744366444601,ensemble
2024-01-01,14.949822882287991,15.368921778942653,ensemble
2024-02-01,15.06363845825116,15.413692462822263,ensemble
2024-03-01,15.25204962013984,15.48815841387719,ensemble
2024-04-01,15.195039082343007,15.524474513603383,ensemble
2024-05-01,15.199463931108754,15.359391626668346,ensemble
2024-01-01,13.184943544718202,14.572554139726542,ensemble
2024-02-01,13.246290521532275,14.612314244211909,ensemble
2024-03-01,13.298176634420345,14.729151031838564,ensemble
2024-04-01,13.260174548697037,14.615529643262104,ensemble
2024-05-01,13.356760489206863,14.556909440633927,ensemble
2024-01-01,14.84339311052611,15.331428099974561,ensemble
2024-02-01,14.94397490684048,15.337235547258128,ensemble
2024-03-01,15.087649956504098,15.436647582369426,ensemble
2024-04-01,15.137477708952183,15.454213533465667,ensemble
2024-05-01,15.15867453311062,15.445240865732487,ensemble
2024-01-01,14.899716572794638,15.508369878477788,ensemble
2024-02-01,15.009624674737667,15.312800448944916,ensemble
2024-03-01,15.20111805824926,15.429885243530965,ensemble
2024-04-01,15.144091454173044,15.385619322950738,ensemble
2024-05-01,15.137138123053054,15.404669057802337,ensemble
2024-01-01,11.638765731565446,13.741686643883215,ensemble
2024-02-01,12.036575305821476,13.70152708975986,ensemble
2024-03-01,11.856316568080093,13.777581679609836,ensemble
2024-04-01,12.060271428391403,13.775927115996147,ensemble
2024-05-01,12.119034359087578,13.835111145756175,ensemble
2024-01-01,10.748138341089403,13.399955403754745,ensemble
2024-02-01,10.829795939729781,13.382559919949905,ensemble
2024-03-01,10.52510113669937,13.460236056380072,ensemble
2024-04-01,10.62271418845335,13.32099449447647,ensemble
2024-05-01,10.894616704008017,13.382149498963662,ensemble
2024-01-01,12.111332753081099,14.053707877477262,ensemble
2024-02-01,12.001211571571435,14.062345369100678,ensemble
2024-03-01,12.083899361822493,14.117951034620866,ensemble
2024-04-01,12.1640254215561,14.037070906996254,ensemble
2024-05-01,12.226505956256684,14.036768093382854,ensemble
2024-01-01,12.154789877403012,13.966019271602141,ensemble
2024-02-01,12.456888949767896,14.273929424732787,ensemble
2024-03-01,12.415571124833566,14.313887945887075,ensemble
2024-04-01,12.523208053497031,14.330192366942551,ensemble
2024-05-01,12.56062579004373,14.401922077052701,ensemble
2024-01-01,13.818802832476111,14.710882956763118,ensemble
2024-02-01,14.023449096735517,14.84207981439869,ensemble
2024-03-01,14.84270310410329,15.094123397582345,ensemble
2024-04-01,13.550920337894812,14.747828822281294,ensemble
2024-05-01,13.696433172498471,14.703058253993056,ensemble
2024-01-01,12.801999974021877,14.274683289019414,ensemble
2024-02-01,13.207866167048069,14.708117115207223,ensemble
2024-03-01,13.954840667982825,14.99697418877302,ensemble
2024-04-01,12.35392654216341,14.31566618739904,ensemble
2024-05-01,12.525271190115372,14.363049292134265,ensemble
2024-01-01,13.649170572816802,14.910184639183253,ensemble
2024-02-01,13.62699304582129,14.901463873753212,ensemble
2024-03-01,14.511630714847367,14.836693341497739,ensemble
2024-04-01,13.689300300310306,14.618547383173022,ensemble
2024-05-01,13.699622600512347,14.633099305142352,ensemble
2024-01-01,14.175402402126696,14.890273160392944,ensemble
2024-02-01,14.261582469440738,14.855589326961013,ensemble
2024-03-01,15.037254957848852,15.066046475726829,ensemble
2024-04-01,13.82840782944804,14.802901274812337,ensemble
2024-05-01,13.931288473599324,14.665787302855996,ensemble
2024-01-01,14.574756900602953,15.399765481615715,ensemble
2024-02-01,14.690508476166896,15.452210551106951,ensemble
2024-03-01,14.786251330455606,15.529986671340469,ensemble
2024-04-01,14.818667116236085,15.56742859775402,ensemble
2024-05-01,14.83464105106268,15.324434536067535,ensemble
2024-01-01,12.89177467964046,14.6071847035796,ensemble
2024-02-01,12.911613703703178,14.644469171067648,ensemble
2024-03-01,12.929234349717616,14.713025336600646,ensemble
2024-04-01,12.89583711115577,14.628539008761468,ensemble
2024-05-01,13.020752932544312,14.574624900622247,ensemble
2024-01-01,14.617658679784528,15.252937972648262,ensemble
2024-02-01,14.655748541679317,15.263118056430606,ensemble
2024-03-01,14.796916519647581,15.380845269436671,ensemble
2024-04-01,14.86381478604083,15.387061065946297,ensemble
2024-05-01,14.90425710653465,15.391295743986813,ensemble
2024-01-01,14.670119909849712,15.590910817031542,ensemble
2024-02-01,14.796811874536463,15.440951569753743,ensemble
2024-03-01,14.898135561652321,15.51888522316954,ensemble
2024-04-01,14.931754753605956,15.511396210578686,ensemble
2024-05-01,14.953401731170601,15.53417498357491,ensemble
2024-01-01,13.077714695446145,14.488744271607233,ensemble
2024-02-01,13.167910574550175,14.435697216888691,ensemble
2024-03-01,13.318850296704056,14.519194169660558,ensemble
2024-04-01,13.349777795569185,14.475854093168667,ensemble
2024-05-01,13.333077036692808,14.523163925180452,ensemble
2024-01-01,11.402217342985807,13.813452150512596,ensemble
2024-02-01,11.470994522461046,13.815413329523063,ensemble
2024-03-01,11.634966090879253,13.988590280822084,ensemble
2024-04-01,11.562973884822908,13.7777009718082,ensemble
2024-05-01,11.619138716945073,13.791061147374075,ensemble
2024-01-01,13.078420267266091,14.604917390482402,ensemble
2024-02-01,13.13476160081143,14.629955002481196,ensemble
2024-03-01,13.291640051822434,14.660898558524764,ensemble
2024-04-01,13.409535219710845,14.580541039084029,ensemble
2024-05-01,13.400698502930242,14.582264802809462,ensemble
2024-01-01,13.090413987984894,14.523128834295346,ensemble
2024-02-01,13.175571956462655,14.566272570513762,ensemble
2024-03-01,13.320337130293114,14.6922601360719,ensemble
2024-04-01,13.3412559862518,14.625500997535934,ensemble
2024-05-01,13.325351730476527,14.711819952880052,ensemble
2024-01-01,12.053617028272296,13.935337465965677,ensemble
2024-02-01,12.096517790360076,13.962815223136463,ensemble
2024-03-01,12.176163802031336,13.987098423866707,ensemble
2024-04-01,12.149008521362461,13.989254974430024,ensemble
2024-05-01,12.185279968296255,13.928045256452492,ensemble
2024-01-01,10.567942005703411,13.36159337499601,ensemble
2024-02-01,10.497101649370864,13.341754521216837,ensemble
2024-03-01,10.488448005238052,13.31535895843489,ensemble
2024-04-01,10.629254380149666,13.382756214190849,ensemble
2024-05-01,10.676346616822633,13.353982485233109,ensemble
2024-01-01,12.01352255518827,14.120428942008411,ensemble
2024-02-01,11.9098246568143,14.16054882979391,ensemble
2024-03-01,11.96887707543009,14.014426611635784,ensemble
2024-04-01,12.008975058904802,14.047383740720804,ensemble
2024-05-01,12.063813562893895,14.07681433406724,ensemble
2024-01-01,12.115350026757849,14.103282744047227,ensemble
2024-02-01,12.111557549562908,14.044829371266156,ensemble
2024-03-01,12.187976391550615,14.015892793855077,ensemble
2024-04-01,12.152652881281025,13.992112940231612,ensemble
2024-05-01,12.189702380931854,13.926789804490873,ensemble
2024-01-01,11.407291578616706,13.635717006150276,ensemble
2024-02-01,11.509367141640142,13.68118284764413,ensemble
2024-03-01,11.640903466020758,13.74909888112355,ensemble
2024-04-01,11.653160338973853,13.846200997635796,ensemble
2024-05-01,11.630756499474648,13.66667741940724,ensemble
2024-01-01,9.628800675579159,12.971198151575852,ensemble
2024-02-01,9.485985287667456,13.01497298026212,ensemble
2024-03-01,9.371651071858434,12.884725013032728,ensemble
2024-04-01,9.262648151599528,12.774102715847784,ensemble
2024-05-01,9.253878673990666,12.722474288149188,ensemble
2024-01-01,11.700366395381009,13.778862038326295,ensemble
2024-02-01,11.527222769671052,13.771068621543888,ensemble
2024-03-01,11.604231274337856,13.866355268835331,ensemble
2024-04-01,11.531846331080231,13.878310142729342,ensemble
2024-05-01,11.577997593713935,13.868780828616114,ensemble
2024-01-01,11.52106127929641,13.791452224469134,ensemble
2024-02-01,11.60521198721677,13.6304600639865,ensemble
2024-03-01,11.736676032013108,13.728646270885603,ensemble
2024-04-01,11.708340098782125,13.74363114002307,ensemble
2024-05-01,11.674881886289938,13.770037541620091,ensemble
2024-01-01,11.194701707405748,13.622239097892722,ensemble
2024-02-01,11.1497436831168,13.568348516426614,ensemble
2024-03-01,11.3359388520227,13.60932292130435,ensemble
2024-04-01,11.441961008328802,13.563337149805312,ensemble
2024-05-01,11.526769196790879,13.608199118342998,ensemble
2024-01-01,9.849305880272142,13.351527656854701,ensemble
2024-02-01,9.797382315197492,13.298381430376926,ensemble
2024-03-01,9.785458236555234,13.187149546207783,ensemble
2024-04-01,9.800873262546327,12.92982799895651,ensemble
2024-05-01,9.960642633037187,12.92551357693422,ensemble
2024-01-01,11.171018084679075,13.705152400545536,ensemble
2024-02-01,11.12561751346652,13.732175610280855,ensemble
2024-03-01,11.306970834076699,13.755195739759962,ensemble
2024-04-01,11.462666372453622,13.747941494573933,ensemble
2024-05-01,11.444717285531928,13.747169502786923,ensemble
2024-01-01,11.353819528110781,13.740389490757826,ensemble
2024-02-01,11.316247344119649,13.779787102997762,ensemble
2024-03-01,11.496513522798756,13.857063487354898,ensemble
2024-04-01,11.5700030977697,13.819791824318486,ensemble
2024-05-01,11.675445594467284,13.908643841165182,ensemble
2024-01-01,15.59709182121093,15.779005616293434,ensemble
2024-02-01,15.775782439005003,15.804718258381689,ensemble
2024-03-01,15.839238259551962,15.921172582781784,ensemble
2024-04-01,15.677306298592663,15.880076402753414,ensemble
2024-05-01,15.640857757408984,15.535571083783283,ensemble
2024-01-01,13.69618565924773,14.913115964609487,ensemble
2024-02-01,13.804419377589696,14.750895133359137,ensemble
2024-03-01,13.762521510810895,14.937953827736186,ensemble
2024-04-01,13.548447772715228,14.73069941802685,ensemble
2024-05-01,13.599575711391461,14.797044409491104,ensemble
2024-01-01,15.048363720848643,15.440724435595786,ensemble
2024-02-01,15.181300329470076,15.539983989233233,ensemble
2024-03-01,15.32346609170347,15.447355564763944,ensemble
2024-04-01,15.1922294199728,15.408577968553661,ensemble
2024-05-01,15.174843401975526,15.457672921331817,ensemble
2024-01-01,15.561479983158565,15.647943924438813,ensemble
2024-02-01,15.71207761501373,15.633050451932675,ensemble
2024-03-01,15.782061638302958,15.680737094361792,ensemble
2024-04-01,15.61557403660504,15.517518304263447,ensemble
2024-05-01,15.584635794683395,15.48098859014489,ensemble
2024-01-01,15.87661047830877,16.12657418232004,ensemble
2024-02-01,15.968603967798215,16.111350508110313,ensemble
2024-03-01,15.994583271411031,16.190468263081065,ensemble
2024-04-01,16.09025054949245,16.29810112422478,ensemble
2024-05-01,16.13286602986177,16.042881763799773,ensemble
2024-01-01,13.836183492707546,14.76161677928295,ensemble
2024-02-01,13.913712915025377,14.800440222913627,ensemble
2024-03-01,13.900970840962673,14.843699983962924,ensemble
2024-04-01,13.928466227280891,14.816981939641977,ensemble
2024-05-01,13.973271114339928,14.769803770963627,ensemble
2024-01-01,14.81407939253837,15.46954296767114,ensemble
2024-02-01,14.773196560004797,15.473083818026474,ensemble
2024-03-01,14.800393446383204,15.500693727509768,ensemble
2024-04-01,14.854932841095069,15.545377040455959,ensemble
2024-05-01,14.909618048581969,15.52918985564572,ensemble
2024-01-01,15.780896320068122,16.233283084032323,ensemble
2024-02-01,15.867203711987663,16.08446423696408,ensemble
2024-03-01,15.891238274424463,16.13130186343102,ensemble
2024-04-01,15.979985333898856,16.1561706888008,ensemble
2024-05-01,16.035193166351306,16.166821007189558,ensemble
